-- phpMyAdmin SQL Dump
-- version 5.0.2
-- https://www.phpmyadmin.net/
--
-- Máy chủ: 127.0.0.1
-- Thời gian đã tạo: Th10 10, 2020 lúc 04:20 AM
-- Phiên bản máy phục vụ: 10.4.14-MariaDB
-- Phiên bản PHP: 7.4.10

SET SQL_MODE = "NO_AUTO_VALUE_ON_ZERO";
START TRANSACTION;
SET time_zone = "+00:00";


/*!40101 SET @OLD_CHARACTER_SET_CLIENT=@@CHARACTER_SET_CLIENT */;
/*!40101 SET @OLD_CHARACTER_SET_RESULTS=@@CHARACTER_SET_RESULTS */;
/*!40101 SET @OLD_COLLATION_CONNECTION=@@COLLATION_CONNECTION */;
/*!40101 SET NAMES utf8mb4 */;

--
-- Cơ sở dữ liệu: `quanly.mayhoangtung.com`
--

-- --------------------------------------------------------

--
-- Cấu trúc bảng cho bảng `antrua`
--

CREATE TABLE `antrua` (
  `id` int(255) NOT NULL,
  `ngay` date NOT NULL,
  `macongnhan` int(255) NOT NULL
) ENGINE=InnoDB DEFAULT CHARSET=utf8mb4;

--
-- Đang đổ dữ liệu cho bảng `antrua`
--

INSERT INTO `antrua` (`id`, `ngay`, `macongnhan`) VALUES
(15, '2020-10-31', 1039),
(16, '2020-10-31', 1040),
(17, '2020-10-31', 1043),
(18, '2020-10-31', 1044),
(19, '2020-10-31', 1048),
(20, '2020-10-31', 1049),
(21, '2020-10-31', 1050),
(22, '2020-10-31', 1051),
(23, '2020-10-31', 1059),
(24, '2020-10-31', 1065),
(25, '2020-10-31', 1071),
(26, '2020-10-31', 1078),
(27, '2020-10-31', 1084),
(28, '2020-10-31', 1086),
(29, '2020-10-31', 1092),
(30, '2020-10-31', 1109),
(31, '2020-10-31', 1113),
(32, '2020-10-31', 1114),
(33, '2020-10-31', 1124),
(34, '2020-10-31', 1125),
(35, '2020-10-31', 199),
(36, '2020-10-31', 212),
(37, '2020-10-31', 234),
(38, '2020-10-31', 236),
(39, '2020-10-31', 254),
(40, '2020-10-31', 260),
(41, '2020-10-31', 262),
(42, '2020-10-31', 282),
(43, '2020-10-31', 284),
(44, '2020-10-31', 285),
(45, '2020-10-31', 286),
(46, '2020-10-31', 305),
(47, '2020-10-31', 309),
(48, '2020-10-31', 323),
(49, '2020-10-31', 342),
(50, '2020-10-31', 345),
(51, '2020-10-31', 355),
(52, '2020-10-31', 389),
(53, '2020-10-31', 399),
(54, '2020-10-31', 419),
(55, '2020-10-31', 420),
(56, '2020-10-31', 421),
(57, '2020-10-31', 425),
(58, '2020-10-31', 43),
(59, '2020-10-31', 44),
(60, '2020-10-31', 462),
(61, '2020-10-31', 491),
(62, '2020-10-31', 530),
(63, '2020-10-31', 550),
(64, '2020-10-31', 552),
(65, '2020-10-31', 555),
(66, '2020-10-31', 570),
(67, '2020-10-31', 577),
(68, '2020-10-31', 581),
(69, '2020-10-31', 583),
(70, '2020-10-31', 586),
(71, '2020-10-31', 619),
(72, '2020-10-31', 635),
(73, '2020-10-31', 641),
(74, '2020-10-31', 642),
(75, '2020-10-31', 644),
(76, '2020-10-31', 645),
(77, '2020-10-31', 661),
(78, '2020-10-31', 669),
(79, '2020-10-31', 696),
(80, '2020-10-31', 697),
(81, '2020-10-31', 698),
(82, '2020-10-31', 70),
(83, '2020-10-31', 700),
(84, '2020-10-31', 701),
(85, '2020-10-31', 71),
(86, '2020-10-31', 710),
(87, '2020-10-31', 717),
(88, '2020-10-31', 718),
(89, '2020-10-31', 721),
(90, '2020-10-31', 726),
(91, '2020-10-31', 731),
(92, '2020-10-31', 811),
(93, '2020-10-31', 817),
(94, '2020-10-31', 828),
(95, '2020-10-31', 859),
(96, '2020-10-31', 86),
(97, '2020-10-31', 871),
(98, '2020-10-31', 1017),
(99, '2020-10-31', 980),
(100, '2020-10-31', 492),
(101, '2020-10-31', 388),
(102, '2020-10-31', 831),
(103, '2020-10-31', 1091),
(104, '2020-10-31', 1085),
(105, '2020-10-31', 1129),
(199, '2020-10-30', 1017),
(200, '2020-10-30', 1039),
(201, '2020-10-30', 1040),
(202, '2020-10-30', 1043),
(203, '2020-10-30', 1044),
(204, '2020-10-30', 1048),
(205, '2020-10-30', 1049),
(206, '2020-10-30', 1050),
(207, '2020-10-30', 1051),
(208, '2020-10-30', 1059),
(209, '2020-10-30', 1065),
(210, '2020-10-30', 1071),
(211, '2020-10-30', 1078),
(212, '2020-10-30', 1084),
(213, '2020-10-30', 1085),
(214, '2020-10-30', 1086),
(215, '2020-10-30', 1107),
(216, '2020-10-30', 1108),
(217, '2020-10-30', 1109),
(218, '2020-10-30', 1113),
(219, '2020-10-30', 1124),
(220, '2020-10-30', 1125),
(221, '2020-10-30', 199),
(222, '2020-10-30', 212),
(223, '2020-10-30', 234),
(224, '2020-10-30', 236),
(225, '2020-10-30', 254),
(226, '2020-10-30', 260),
(227, '2020-10-30', 262),
(228, '2020-10-30', 282),
(229, '2020-10-30', 284),
(230, '2020-10-30', 285),
(231, '2020-10-30', 286),
(232, '2020-10-30', 305),
(233, '2020-10-30', 309),
(234, '2020-10-30', 323),
(235, '2020-10-30', 342),
(236, '2020-10-30', 345),
(237, '2020-10-30', 355),
(238, '2020-10-30', 389),
(239, '2020-10-30', 396),
(240, '2020-10-30', 399),
(241, '2020-10-30', 400),
(242, '2020-10-30', 402),
(243, '2020-10-30', 419),
(244, '2020-10-30', 420),
(245, '2020-10-30', 425),
(246, '2020-10-30', 43),
(247, '2020-10-30', 44),
(248, '2020-10-30', 462),
(249, '2020-10-30', 491),
(250, '2020-10-30', 492),
(251, '2020-10-30', 550),
(252, '2020-10-30', 552),
(253, '2020-10-30', 555),
(254, '2020-10-30', 570),
(255, '2020-10-30', 577),
(256, '2020-10-30', 581),
(257, '2020-10-30', 583),
(258, '2020-10-30', 586),
(259, '2020-10-30', 610),
(260, '2020-10-30', 619),
(261, '2020-10-30', 635),
(262, '2020-10-30', 641),
(263, '2020-10-30', 642),
(264, '2020-10-30', 644),
(265, '2020-10-30', 645),
(266, '2020-10-30', 661),
(267, '2020-10-30', 669),
(268, '2020-10-30', 696),
(269, '2020-10-30', 697),
(270, '2020-10-30', 698),
(271, '2020-10-30', 70),
(272, '2020-10-30', 71),
(273, '2020-10-30', 710),
(274, '2020-10-30', 717),
(275, '2020-10-30', 718),
(276, '2020-10-30', 721),
(277, '2020-10-30', 726),
(278, '2020-10-30', 811),
(279, '2020-10-30', 859),
(280, '2020-10-30', 86),
(281, '2020-10-30', 871),
(282, '2020-10-30', 924),
(283, '2020-10-30', 980),
(284, '2020-10-30', 196),
(285, '2020-10-30', 388),
(286, '2020-10-30', 831),
(287, '2020-10-30', 1126),
(288, '2020-10-30', 1127),
(289, '2020-10-30', 1091),
(384, '2020-10-01', 1017),
(385, '2020-10-01', 1039),
(386, '2020-10-01', 1040),
(387, '2020-10-01', 1043),
(388, '2020-10-01', 1044),
(389, '2020-10-01', 1050),
(390, '2020-10-01', 1051),
(391, '2020-10-01', 1058),
(392, '2020-10-01', 1059),
(393, '2020-10-01', 1065),
(394, '2020-10-01', 1071),
(395, '2020-10-01', 1078),
(396, '2020-10-01', 1079),
(397, '2020-10-01', 108),
(398, '2020-10-01', 1081),
(399, '2020-10-01', 1084),
(400, '2020-10-01', 1085),
(401, '2020-10-01', 1091),
(402, '2020-10-01', 212),
(403, '2020-10-01', 234),
(404, '2020-10-01', 236),
(405, '2020-10-01', 239),
(406, '2020-10-01', 254),
(407, '2020-10-01', 262),
(408, '2020-10-01', 282),
(409, '2020-10-01', 284),
(410, '2020-10-01', 285),
(411, '2020-10-01', 286),
(412, '2020-10-01', 300),
(413, '2020-10-01', 305),
(414, '2020-10-01', 306),
(415, '2020-10-01', 309),
(416, '2020-10-01', 323),
(417, '2020-10-01', 342),
(418, '2020-10-01', 345),
(419, '2020-10-01', 355),
(420, '2020-10-01', 389),
(421, '2020-10-01', 399),
(422, '2020-10-01', 419),
(423, '2020-10-01', 420),
(424, '2020-10-01', 425),
(425, '2020-10-01', 43),
(426, '2020-10-01', 44),
(427, '2020-10-01', 447),
(428, '2020-10-01', 491),
(429, '2020-10-01', 525),
(430, '2020-10-01', 530),
(431, '2020-10-01', 531),
(432, '2020-10-01', 550),
(433, '2020-10-01', 552),
(434, '2020-10-01', 555),
(435, '2020-10-01', 570),
(436, '2020-10-01', 577),
(437, '2020-10-01', 581),
(438, '2020-10-01', 583),
(439, '2020-10-01', 586),
(440, '2020-10-01', 619),
(441, '2020-10-01', 641),
(442, '2020-10-01', 643),
(443, '2020-10-01', 644),
(444, '2020-10-01', 645),
(445, '2020-10-01', 657),
(446, '2020-10-01', 661),
(447, '2020-10-01', 667),
(448, '2020-10-01', 669),
(449, '2020-10-01', 698),
(450, '2020-10-01', 70),
(451, '2020-10-01', 700),
(452, '2020-10-01', 701),
(453, '2020-10-01', 710),
(454, '2020-10-01', 711),
(455, '2020-10-01', 721),
(456, '2020-10-01', 811),
(457, '2020-10-01', 843),
(458, '2020-10-01', 859),
(459, '2020-10-01', 86),
(460, '2020-10-01', 871),
(461, '2020-10-01', 924),
(462, '2020-10-01', 97),
(463, '2020-10-01', 980),
(464, '2020-10-01', 196),
(465, '2020-10-01', 388),
(466, '2020-10-01', 831),
(467, '2020-10-01', 1),
(468, '2020-10-01', 1109),
(469, '2020-10-01', 199),
(470, '2020-10-01', 1075),
(471, '2020-10-01', 2),
(472, '2020-10-01', 1107),
(473, '2020-10-02', 1017),
(474, '2020-10-02', 1039),
(475, '2020-10-02', 1040),
(476, '2020-10-02', 1043),
(477, '2020-10-02', 1044),
(478, '2020-10-02', 1050),
(479, '2020-10-02', 1051),
(480, '2020-10-02', 1058),
(481, '2020-10-02', 1059),
(482, '2020-10-02', 1065),
(483, '2020-10-02', 1071),
(484, '2020-10-02', 1078),
(485, '2020-10-02', 1079),
(486, '2020-10-02', 108),
(487, '2020-10-02', 1081),
(488, '2020-10-02', 1084),
(489, '2020-10-02', 1085),
(490, '2020-10-02', 1091),
(491, '2020-10-02', 1092),
(492, '2020-10-02', 199),
(493, '2020-10-02', 212),
(494, '2020-10-02', 234),
(495, '2020-10-02', 236),
(496, '2020-10-02', 239),
(497, '2020-10-02', 240),
(498, '2020-10-02', 254),
(499, '2020-10-02', 260),
(500, '2020-10-02', 262),
(501, '2020-10-02', 282),
(502, '2020-10-02', 284),
(503, '2020-10-02', 285),
(504, '2020-10-02', 286),
(505, '2020-10-02', 300),
(506, '2020-10-02', 305),
(507, '2020-10-02', 306),
(508, '2020-10-02', 307),
(509, '2020-10-02', 309),
(510, '2020-10-02', 323),
(511, '2020-10-02', 342),
(512, '2020-10-02', 345),
(513, '2020-10-02', 355),
(514, '2020-10-02', 389),
(515, '2020-10-02', 399),
(516, '2020-10-02', 419),
(517, '2020-10-02', 420),
(518, '2020-10-02', 425),
(519, '2020-10-02', 43),
(520, '2020-10-02', 44),
(521, '2020-10-02', 462),
(522, '2020-10-02', 491),
(523, '2020-10-02', 492),
(524, '2020-10-02', 525),
(525, '2020-10-02', 530),
(526, '2020-10-02', 531),
(527, '2020-10-02', 550),
(528, '2020-10-02', 552),
(529, '2020-10-02', 555),
(530, '2020-10-02', 570),
(531, '2020-10-02', 577),
(532, '2020-10-02', 581),
(533, '2020-10-02', 583),
(534, '2020-10-02', 586),
(535, '2020-10-02', 619),
(536, '2020-10-02', 641),
(537, '2020-10-02', 642),
(538, '2020-10-02', 643),
(539, '2020-10-02', 644),
(540, '2020-10-02', 645),
(541, '2020-10-02', 657),
(542, '2020-10-02', 667),
(543, '2020-10-02', 697),
(544, '2020-10-02', 698),
(545, '2020-10-02', 70),
(546, '2020-10-02', 700),
(547, '2020-10-02', 701),
(548, '2020-10-02', 710),
(549, '2020-10-02', 711),
(550, '2020-10-02', 721),
(551, '2020-10-02', 731),
(552, '2020-10-02', 779),
(553, '2020-10-02', 811),
(554, '2020-10-02', 817),
(555, '2020-10-02', 840),
(556, '2020-10-02', 843),
(557, '2020-10-02', 859),
(558, '2020-10-02', 86),
(559, '2020-10-02', 871),
(560, '2020-10-02', 942),
(561, '2020-10-02', 980),
(562, '2020-10-02', 196),
(563, '2020-10-02', 388),
(564, '2020-10-02', 831),
(565, '2020-10-02', 1),
(566, '2020-10-02', 1109),
(567, '2020-10-02', 2),
(568, '2020-10-03', 1017),
(569, '2020-10-03', 1039),
(570, '2020-10-03', 1040),
(571, '2020-10-03', 1043),
(572, '2020-10-03', 1044),
(573, '2020-10-03', 1048),
(574, '2020-10-03', 1050),
(575, '2020-10-03', 1051),
(576, '2020-10-03', 1058),
(577, '2020-10-03', 1059),
(578, '2020-10-03', 1065),
(579, '2020-10-03', 1071),
(580, '2020-10-03', 1078),
(581, '2020-10-03', 1079),
(582, '2020-10-03', 108),
(583, '2020-10-03', 1081),
(584, '2020-10-03', 1084),
(585, '2020-10-03', 1085),
(586, '2020-10-03', 1091),
(587, '2020-10-03', 1092),
(588, '2020-10-03', 199),
(589, '2020-10-03', 212),
(590, '2020-10-03', 234),
(591, '2020-10-03', 236),
(592, '2020-10-03', 239),
(593, '2020-10-03', 240),
(594, '2020-10-03', 254),
(595, '2020-10-03', 260),
(596, '2020-10-03', 262),
(597, '2020-10-03', 282),
(598, '2020-10-03', 284),
(599, '2020-10-03', 285),
(600, '2020-10-03', 286),
(601, '2020-10-03', 300),
(602, '2020-10-03', 305),
(603, '2020-10-03', 306),
(604, '2020-10-03', 307),
(605, '2020-10-03', 309),
(606, '2020-10-03', 323),
(607, '2020-10-03', 342),
(608, '2020-10-03', 345),
(609, '2020-10-03', 355),
(610, '2020-10-03', 389),
(611, '2020-10-03', 399),
(612, '2020-10-03', 419),
(613, '2020-10-03', 420),
(614, '2020-10-03', 425),
(615, '2020-10-03', 43),
(616, '2020-10-03', 44),
(617, '2020-10-03', 462),
(618, '2020-10-03', 491),
(619, '2020-10-03', 525),
(620, '2020-10-03', 530),
(621, '2020-10-03', 531),
(622, '2020-10-03', 550),
(623, '2020-10-03', 552),
(624, '2020-10-03', 555),
(625, '2020-10-03', 570),
(626, '2020-10-03', 577),
(627, '2020-10-03', 581),
(628, '2020-10-03', 583),
(629, '2020-10-03', 586),
(630, '2020-10-03', 619),
(631, '2020-10-03', 621),
(632, '2020-10-03', 641),
(633, '2020-10-03', 642),
(634, '2020-10-03', 643),
(635, '2020-10-03', 644),
(636, '2020-10-03', 645),
(637, '2020-10-03', 657),
(638, '2020-10-03', 667),
(639, '2020-10-03', 696),
(640, '2020-10-03', 698),
(641, '2020-10-03', 70),
(642, '2020-10-03', 700),
(643, '2020-10-03', 701),
(644, '2020-10-03', 710),
(645, '2020-10-03', 711),
(646, '2020-10-03', 721),
(647, '2020-10-03', 731),
(648, '2020-10-03', 779),
(649, '2020-10-03', 811),
(650, '2020-10-03', 817),
(651, '2020-10-03', 843),
(652, '2020-10-03', 86),
(653, '2020-10-03', 871),
(654, '2020-10-03', 97),
(655, '2020-10-03', 980),
(656, '2020-10-03', 196),
(657, '2020-10-03', 388),
(658, '2020-10-03', 831),
(659, '2020-10-03', 1109),
(660, '2020-10-03', 2),
(661, '2020-10-03', 1),
(662, '2020-10-03', 1107),
(663, '2020-10-05', 1017),
(664, '2020-10-05', 1039),
(665, '2020-10-05', 1040),
(666, '2020-10-05', 1043),
(667, '2020-10-05', 1044),
(668, '2020-10-05', 1049),
(669, '2020-10-05', 1050),
(670, '2020-10-05', 1051),
(671, '2020-10-05', 1058),
(672, '2020-10-05', 1059),
(673, '2020-10-05', 1065),
(674, '2020-10-05', 1071),
(675, '2020-10-05', 1078),
(676, '2020-10-05', 1079),
(677, '2020-10-05', 108),
(678, '2020-10-05', 1081),
(679, '2020-10-05', 1084),
(680, '2020-10-05', 1085),
(681, '2020-10-05', 1091),
(682, '2020-10-05', 1092),
(683, '2020-10-05', 199),
(684, '2020-10-05', 212),
(685, '2020-10-05', 234),
(686, '2020-10-05', 236),
(687, '2020-10-05', 239),
(688, '2020-10-05', 240),
(689, '2020-10-05', 254),
(690, '2020-10-05', 260),
(691, '2020-10-05', 262),
(692, '2020-10-05', 282),
(693, '2020-10-05', 284),
(694, '2020-10-05', 285),
(695, '2020-10-05', 286),
(696, '2020-10-05', 305),
(697, '2020-10-05', 306),
(698, '2020-10-05', 307),
(699, '2020-10-05', 323),
(700, '2020-10-05', 342),
(701, '2020-10-05', 345),
(702, '2020-10-05', 389),
(703, '2020-10-05', 399),
(704, '2020-10-05', 419),
(705, '2020-10-05', 420),
(706, '2020-10-05', 425),
(707, '2020-10-05', 43),
(708, '2020-10-05', 44),
(709, '2020-10-05', 447),
(710, '2020-10-05', 462),
(711, '2020-10-05', 491),
(712, '2020-10-05', 492),
(713, '2020-10-05', 525),
(714, '2020-10-05', 530),
(715, '2020-10-05', 531),
(716, '2020-10-05', 550),
(717, '2020-10-05', 552),
(718, '2020-10-05', 555),
(719, '2020-10-05', 570),
(720, '2020-10-05', 577),
(721, '2020-10-05', 581),
(722, '2020-10-05', 583),
(723, '2020-10-05', 586),
(724, '2020-10-05', 619),
(725, '2020-10-05', 621),
(726, '2020-10-05', 635),
(727, '2020-10-05', 641),
(728, '2020-10-05', 642),
(729, '2020-10-05', 643),
(730, '2020-10-05', 644),
(731, '2020-10-05', 645),
(732, '2020-10-05', 657),
(733, '2020-10-05', 667),
(734, '2020-10-05', 696),
(735, '2020-10-05', 698),
(736, '2020-10-05', 70),
(737, '2020-10-05', 700),
(738, '2020-10-05', 701),
(739, '2020-10-05', 710),
(740, '2020-10-05', 711),
(741, '2020-10-05', 721),
(742, '2020-10-05', 731),
(743, '2020-10-05', 811),
(744, '2020-10-05', 843),
(745, '2020-10-05', 859),
(746, '2020-10-05', 86),
(747, '2020-10-05', 871),
(748, '2020-10-05', 924),
(749, '2020-10-05', 942),
(750, '2020-10-05', 980),
(751, '2020-10-05', 196),
(752, '2020-10-05', 388),
(753, '2020-10-05', 831),
(754, '2020-10-05', 1107),
(755, '2020-10-05', 1109),
(756, '2020-10-05', 2),
(757, '2020-10-06', 1017),
(758, '2020-10-06', 1039),
(759, '2020-10-06', 1040),
(760, '2020-10-06', 1043),
(761, '2020-10-06', 1044),
(762, '2020-10-06', 1050),
(763, '2020-10-06', 1051),
(764, '2020-10-06', 1058),
(765, '2020-10-06', 1059),
(766, '2020-10-06', 1065),
(767, '2020-10-06', 1078),
(768, '2020-10-06', 1079),
(769, '2020-10-06', 108),
(770, '2020-10-06', 1081),
(771, '2020-10-06', 1084),
(772, '2020-10-06', 1085),
(773, '2020-10-06', 1091),
(774, '2020-10-06', 1092),
(775, '2020-10-06', 199),
(776, '2020-10-06', 212),
(777, '2020-10-06', 234),
(778, '2020-10-06', 236),
(779, '2020-10-06', 239),
(780, '2020-10-06', 240),
(781, '2020-10-06', 254),
(782, '2020-10-06', 260),
(783, '2020-10-06', 262),
(784, '2020-10-06', 282),
(785, '2020-10-06', 284),
(786, '2020-10-06', 286),
(787, '2020-10-06', 305),
(788, '2020-10-06', 306),
(789, '2020-10-06', 307),
(790, '2020-10-06', 309),
(791, '2020-10-06', 323),
(792, '2020-10-06', 342),
(793, '2020-10-06', 345),
(794, '2020-10-06', 355),
(795, '2020-10-06', 384),
(796, '2020-10-06', 399),
(797, '2020-10-06', 419),
(798, '2020-10-06', 420),
(799, '2020-10-06', 425),
(800, '2020-10-06', 43),
(801, '2020-10-06', 44),
(802, '2020-10-06', 462),
(803, '2020-10-06', 491),
(804, '2020-10-06', 492),
(805, '2020-10-06', 525),
(806, '2020-10-06', 530),
(807, '2020-10-06', 531),
(808, '2020-10-06', 550),
(809, '2020-10-06', 555),
(810, '2020-10-06', 570),
(811, '2020-10-06', 577),
(812, '2020-10-06', 581),
(813, '2020-10-06', 583),
(814, '2020-10-06', 586),
(815, '2020-10-06', 619),
(816, '2020-10-06', 621),
(817, '2020-10-06', 635),
(818, '2020-10-06', 641),
(819, '2020-10-06', 642),
(820, '2020-10-06', 643),
(821, '2020-10-06', 644),
(822, '2020-10-06', 645),
(823, '2020-10-06', 657),
(824, '2020-10-06', 667),
(825, '2020-10-06', 669),
(826, '2020-10-06', 696),
(827, '2020-10-06', 698),
(828, '2020-10-06', 70),
(829, '2020-10-06', 700),
(830, '2020-10-06', 701),
(831, '2020-10-06', 710),
(832, '2020-10-06', 721),
(833, '2020-10-06', 731),
(834, '2020-10-06', 779),
(835, '2020-10-06', 811),
(836, '2020-10-06', 859),
(837, '2020-10-06', 871),
(838, '2020-10-06', 904),
(839, '2020-10-06', 924),
(840, '2020-10-06', 942),
(841, '2020-10-06', 980),
(842, '2020-10-06', 2),
(843, '2020-10-06', 1109),
(844, '2020-10-06', 1113),
(845, '2020-10-07', 1009),
(846, '2020-10-07', 1017),
(847, '2020-10-07', 1040),
(848, '2020-10-07', 1043),
(849, '2020-10-07', 1044),
(850, '2020-10-07', 1050),
(851, '2020-10-07', 1051),
(852, '2020-10-07', 1058),
(853, '2020-10-07', 1059),
(854, '2020-10-07', 1065),
(855, '2020-10-07', 1071),
(856, '2020-10-07', 1078),
(857, '2020-10-07', 1079),
(858, '2020-10-07', 1081),
(859, '2020-10-07', 1084),
(860, '2020-10-07', 1085),
(861, '2020-10-07', 1091),
(862, '2020-10-07', 1092),
(863, '2020-10-07', 212),
(864, '2020-10-07', 234),
(865, '2020-10-07', 236),
(866, '2020-10-07', 239),
(867, '2020-10-07', 254),
(868, '2020-10-07', 260),
(869, '2020-10-07', 262),
(870, '2020-10-07', 282),
(871, '2020-10-07', 284),
(872, '2020-10-07', 285),
(873, '2020-10-07', 286),
(874, '2020-10-07', 305),
(875, '2020-10-07', 306),
(876, '2020-10-07', 307),
(877, '2020-10-07', 309),
(878, '2020-10-07', 323),
(879, '2020-10-07', 342),
(880, '2020-10-07', 345),
(881, '2020-10-07', 355),
(882, '2020-10-07', 396),
(883, '2020-10-07', 399),
(884, '2020-10-07', 419),
(885, '2020-10-07', 425),
(886, '2020-10-07', 43),
(887, '2020-10-07', 44),
(888, '2020-10-07', 462),
(889, '2020-10-07', 491),
(890, '2020-10-07', 492),
(891, '2020-10-07', 525),
(892, '2020-10-07', 530),
(893, '2020-10-07', 531),
(894, '2020-10-07', 550),
(895, '2020-10-07', 552),
(896, '2020-10-07', 555),
(897, '2020-10-07', 577),
(898, '2020-10-07', 581),
(899, '2020-10-07', 583),
(900, '2020-10-07', 586),
(901, '2020-10-07', 619),
(902, '2020-10-07', 621),
(903, '2020-10-07', 635),
(904, '2020-10-07', 641),
(905, '2020-10-07', 642),
(906, '2020-10-07', 643),
(907, '2020-10-07', 644),
(908, '2020-10-07', 645),
(909, '2020-10-07', 657),
(910, '2020-10-07', 667),
(911, '2020-10-07', 696),
(912, '2020-10-07', 698),
(913, '2020-10-07', 70),
(914, '2020-10-07', 700),
(915, '2020-10-07', 701),
(916, '2020-10-07', 710),
(917, '2020-10-07', 711),
(918, '2020-10-07', 721),
(919, '2020-10-07', 731),
(920, '2020-10-07', 779),
(921, '2020-10-07', 811),
(922, '2020-10-07', 859),
(923, '2020-10-07', 86),
(924, '2020-10-07', 871),
(925, '2020-10-07', 924),
(926, '2020-10-07', 942),
(927, '2020-10-07', 97),
(928, '2020-10-07', 980),
(929, '2020-10-07', 196),
(930, '2020-10-07', 831),
(931, '2020-10-07', 1116),
(932, '2020-10-07', 1113),
(933, '2020-10-07', 1118),
(934, '2020-10-07', 1109),
(935, '2020-10-07', 2),
(936, '2020-10-08', 1017),
(937, '2020-10-08', 1039),
(938, '2020-10-08', 1040),
(939, '2020-10-08', 1043),
(940, '2020-10-08', 1044),
(941, '2020-10-08', 1049),
(942, '2020-10-08', 1050),
(943, '2020-10-08', 1051),
(944, '2020-10-08', 1058),
(945, '2020-10-08', 1059),
(946, '2020-10-08', 1065),
(947, '2020-10-08', 1071),
(948, '2020-10-08', 1078),
(949, '2020-10-08', 1079),
(950, '2020-10-08', 108),
(951, '2020-10-08', 1081),
(952, '2020-10-08', 1084),
(953, '2020-10-08', 1085),
(954, '2020-10-08', 1091),
(955, '2020-10-08', 1092),
(956, '2020-10-08', 1109),
(957, '2020-10-08', 199),
(958, '2020-10-08', 212),
(959, '2020-10-08', 234),
(960, '2020-10-08', 236),
(961, '2020-10-08', 239),
(962, '2020-10-08', 254),
(963, '2020-10-08', 260),
(964, '2020-10-08', 262),
(965, '2020-10-08', 282),
(966, '2020-10-08', 284),
(967, '2020-10-08', 286),
(968, '2020-10-08', 291),
(969, '2020-10-08', 305),
(970, '2020-10-08', 306),
(971, '2020-10-08', 307),
(972, '2020-10-08', 309),
(973, '2020-10-08', 323),
(974, '2020-10-08', 342),
(975, '2020-10-08', 345),
(976, '2020-10-08', 355),
(977, '2020-10-08', 396),
(978, '2020-10-08', 399),
(979, '2020-10-08', 419),
(980, '2020-10-08', 420),
(981, '2020-10-08', 43),
(982, '2020-10-08', 44),
(983, '2020-10-08', 447),
(984, '2020-10-08', 462),
(985, '2020-10-08', 491),
(986, '2020-10-08', 492),
(987, '2020-10-08', 525),
(988, '2020-10-08', 530),
(989, '2020-10-08', 531),
(990, '2020-10-08', 550),
(991, '2020-10-08', 552),
(992, '2020-10-08', 555),
(993, '2020-10-08', 577),
(994, '2020-10-08', 580),
(995, '2020-10-08', 581),
(996, '2020-10-08', 583),
(997, '2020-10-08', 586),
(998, '2020-10-08', 619),
(999, '2020-10-08', 621),
(1000, '2020-10-08', 635),
(1001, '2020-10-08', 641),
(1002, '2020-10-08', 642),
(1003, '2020-10-08', 643),
(1004, '2020-10-08', 644),
(1005, '2020-10-08', 645),
(1006, '2020-10-08', 657),
(1007, '2020-10-08', 661),
(1008, '2020-10-08', 667),
(1009, '2020-10-08', 696),
(1010, '2020-10-08', 70),
(1011, '2020-10-08', 700),
(1012, '2020-10-08', 701),
(1013, '2020-10-08', 710),
(1014, '2020-10-08', 718),
(1015, '2020-10-08', 721),
(1016, '2020-10-08', 731),
(1017, '2020-10-08', 811),
(1018, '2020-10-08', 859),
(1019, '2020-10-08', 86),
(1020, '2020-10-08', 871),
(1021, '2020-10-08', 924),
(1022, '2020-10-08', 942),
(1023, '2020-10-08', 97),
(1024, '2020-10-08', 980),
(1025, '2020-10-08', 196),
(1026, '2020-10-08', 831),
(1027, '2020-10-08', 3),
(1028, '2020-10-08', 1116),
(1029, '2020-10-08', 477),
(1030, '2020-10-08', 1113),
(1031, '2020-10-08', 1118),
(1032, '2020-10-09', 1017),
(1033, '2020-10-09', 1039),
(1034, '2020-10-09', 1040),
(1035, '2020-10-09', 1043),
(1036, '2020-10-09', 1044),
(1037, '2020-10-09', 1048),
(1038, '2020-10-09', 1050),
(1039, '2020-10-09', 1051),
(1040, '2020-10-09', 1058),
(1041, '2020-10-09', 1059),
(1042, '2020-10-09', 1065),
(1043, '2020-10-09', 1071),
(1044, '2020-10-09', 1078),
(1045, '2020-10-09', 1079),
(1046, '2020-10-09', 108),
(1047, '2020-10-09', 1081),
(1048, '2020-10-09', 1084),
(1049, '2020-10-09', 1085),
(1050, '2020-10-09', 1091),
(1051, '2020-10-09', 1092),
(1052, '2020-10-09', 1108),
(1053, '2020-10-09', 1109),
(1054, '2020-10-09', 199),
(1055, '2020-10-09', 212),
(1056, '2020-10-09', 234),
(1057, '2020-10-09', 236),
(1058, '2020-10-09', 239),
(1059, '2020-10-09', 254),
(1060, '2020-10-09', 260),
(1061, '2020-10-09', 262),
(1062, '2020-10-09', 282),
(1063, '2020-10-09', 284),
(1064, '2020-10-09', 286),
(1065, '2020-10-09', 305),
(1066, '2020-10-09', 306),
(1067, '2020-10-09', 307),
(1068, '2020-10-09', 309),
(1069, '2020-10-09', 323),
(1070, '2020-10-09', 342),
(1071, '2020-10-09', 345),
(1072, '2020-10-09', 355),
(1073, '2020-10-09', 396),
(1074, '2020-10-09', 399),
(1075, '2020-10-09', 419),
(1076, '2020-10-09', 420),
(1077, '2020-10-09', 43),
(1078, '2020-10-09', 44),
(1079, '2020-10-09', 462),
(1080, '2020-10-09', 491),
(1081, '2020-10-09', 492),
(1082, '2020-10-09', 525),
(1083, '2020-10-09', 530),
(1084, '2020-10-09', 531),
(1085, '2020-10-09', 550),
(1086, '2020-10-09', 552),
(1087, '2020-10-09', 555),
(1088, '2020-10-09', 570),
(1089, '2020-10-09', 577),
(1090, '2020-10-09', 581),
(1091, '2020-10-09', 583),
(1092, '2020-10-09', 586),
(1093, '2020-10-09', 619),
(1094, '2020-10-09', 621),
(1095, '2020-10-09', 635),
(1096, '2020-10-09', 641),
(1097, '2020-10-09', 642),
(1098, '2020-10-09', 643),
(1099, '2020-10-09', 644),
(1100, '2020-10-09', 645),
(1101, '2020-10-09', 657),
(1102, '2020-10-09', 667),
(1103, '2020-10-09', 696),
(1104, '2020-10-09', 70),
(1105, '2020-10-09', 700),
(1106, '2020-10-09', 701),
(1107, '2020-10-09', 711),
(1108, '2020-10-09', 721),
(1109, '2020-10-09', 731),
(1110, '2020-10-09', 779),
(1111, '2020-10-09', 811),
(1112, '2020-10-09', 859),
(1113, '2020-10-09', 86),
(1114, '2020-10-09', 871),
(1115, '2020-10-09', 904),
(1116, '2020-10-09', 924),
(1117, '2020-10-09', 942),
(1118, '2020-10-09', 97),
(1119, '2020-10-09', 980),
(1120, '2020-10-09', 196),
(1121, '2020-10-09', 831),
(1122, '2020-10-09', 388),
(1123, '2020-10-09', 1114),
(1124, '2020-10-09', 1113),
(1125, '2020-10-09', 1118),
(1126, '2020-10-09', 1116),
(1127, '2020-10-10', 1017),
(1128, '2020-10-10', 1039),
(1129, '2020-10-10', 1040),
(1130, '2020-10-10', 1043),
(1131, '2020-10-10', 1044),
(1132, '2020-10-10', 1048),
(1133, '2020-10-10', 1049),
(1134, '2020-10-10', 1050),
(1135, '2020-10-10', 1051),
(1136, '2020-10-10', 1058),
(1137, '2020-10-10', 1059),
(1138, '2020-10-10', 1065),
(1139, '2020-10-10', 1071),
(1140, '2020-10-10', 1078),
(1141, '2020-10-10', 1079),
(1142, '2020-10-10', 108),
(1143, '2020-10-10', 1081),
(1144, '2020-10-10', 1084),
(1145, '2020-10-10', 1085),
(1146, '2020-10-10', 1091),
(1147, '2020-10-10', 1092),
(1148, '2020-10-10', 1105),
(1149, '2020-10-10', 1107),
(1150, '2020-10-10', 1108),
(1151, '2020-10-10', 1109),
(1152, '2020-10-10', 196),
(1153, '2020-10-10', 199),
(1154, '2020-10-10', 212),
(1155, '2020-10-10', 234),
(1156, '2020-10-10', 236),
(1157, '2020-10-10', 239),
(1158, '2020-10-10', 240),
(1159, '2020-10-10', 254),
(1160, '2020-10-10', 260),
(1161, '2020-10-10', 262),
(1162, '2020-10-10', 282),
(1163, '2020-10-10', 284),
(1164, '2020-10-10', 285),
(1165, '2020-10-10', 286),
(1166, '2020-10-10', 291),
(1167, '2020-10-10', 305),
(1168, '2020-10-10', 306),
(1169, '2020-10-10', 307),
(1170, '2020-10-10', 309),
(1171, '2020-10-10', 323),
(1172, '2020-10-10', 342),
(1173, '2020-10-10', 355),
(1174, '2020-10-10', 396),
(1175, '2020-10-10', 399),
(1176, '2020-10-10', 419),
(1177, '2020-10-10', 420),
(1178, '2020-10-10', 43),
(1179, '2020-10-10', 44),
(1180, '2020-10-10', 462),
(1181, '2020-10-10', 491),
(1182, '2020-10-10', 525),
(1183, '2020-10-10', 530),
(1184, '2020-10-10', 531),
(1185, '2020-10-10', 550),
(1186, '2020-10-10', 552),
(1187, '2020-10-10', 555),
(1188, '2020-10-10', 570),
(1189, '2020-10-10', 577),
(1190, '2020-10-10', 581),
(1191, '2020-10-10', 583),
(1192, '2020-10-10', 586),
(1193, '2020-10-10', 619),
(1194, '2020-10-10', 621),
(1195, '2020-10-10', 635),
(1196, '2020-10-10', 641),
(1197, '2020-10-10', 642),
(1198, '2020-10-10', 644),
(1199, '2020-10-10', 645),
(1200, '2020-10-10', 657),
(1201, '2020-10-10', 667),
(1202, '2020-10-10', 696),
(1203, '2020-10-10', 698),
(1204, '2020-10-10', 70),
(1205, '2020-10-10', 700),
(1206, '2020-10-10', 701),
(1207, '2020-10-10', 711),
(1208, '2020-10-10', 721),
(1209, '2020-10-10', 779),
(1210, '2020-10-10', 811),
(1211, '2020-10-10', 859),
(1212, '2020-10-10', 86),
(1213, '2020-10-10', 871),
(1214, '2020-10-10', 904),
(1215, '2020-10-10', 924),
(1216, '2020-10-10', 942),
(1217, '2020-10-10', 97),
(1218, '2020-10-10', 980),
(1219, '2020-10-10', 388),
(1220, '2020-10-10', 831),
(1221, '2020-10-10', 1118),
(1222, '2020-10-10', 1113),
(1223, '2020-10-10', 1116),
(1224, '2020-10-10', 1114),
(1225, '2020-10-11', 1009),
(1226, '2020-10-11', 1017),
(1227, '2020-10-11', 1043),
(1228, '2020-10-11', 1044),
(1229, '2020-10-11', 1050),
(1230, '2020-10-11', 1051),
(1231, '2020-10-11', 1058),
(1232, '2020-10-11', 1059),
(1233, '2020-10-11', 1065),
(1234, '2020-10-11', 1071),
(1235, '2020-10-11', 1078),
(1236, '2020-10-11', 1079),
(1237, '2020-10-11', 108),
(1238, '2020-10-11', 1084),
(1239, '2020-10-11', 1092),
(1240, '2020-10-11', 1108),
(1241, '2020-10-11', 1109),
(1242, '2020-10-11', 121),
(1244, '2020-10-11', 212),
(1245, '2020-10-11', 234),
(1246, '2020-10-11', 236),
(1247, '2020-10-11', 239),
(1248, '2020-10-11', 260),
(1249, '2020-10-11', 262),
(1250, '2020-10-11', 282),
(1251, '2020-10-11', 284),
(1252, '2020-10-11', 286),
(1253, '2020-10-11', 305),
(1254, '2020-10-11', 306),
(1255, '2020-10-11', 309),
(1256, '2020-10-11', 323),
(1257, '2020-10-11', 345),
(1258, '2020-10-11', 355),
(1259, '2020-10-11', 389),
(1260, '2020-10-11', 396),
(1261, '2020-10-11', 399),
(1262, '2020-10-11', 419),
(1263, '2020-10-11', 420),
(1264, '2020-10-11', 44),
(1265, '2020-10-11', 462),
(1266, '2020-10-11', 491),
(1267, '2020-10-11', 492),
(1268, '2020-10-11', 525),
(1269, '2020-10-11', 530),
(1270, '2020-10-11', 531),
(1271, '2020-10-11', 550),
(1272, '2020-10-11', 555),
(1273, '2020-10-11', 577),
(1274, '2020-10-11', 581),
(1275, '2020-10-11', 583),
(1276, '2020-10-11', 586),
(1277, '2020-10-11', 619),
(1278, '2020-10-11', 621),
(1279, '2020-10-11', 635),
(1280, '2020-10-11', 641),
(1281, '2020-10-11', 643),
(1282, '2020-10-11', 644),
(1283, '2020-10-11', 645),
(1284, '2020-10-11', 661),
(1285, '2020-10-11', 667),
(1286, '2020-10-11', 696),
(1287, '2020-10-11', 698),
(1288, '2020-10-11', 70),
(1289, '2020-10-11', 701),
(1290, '2020-10-11', 721),
(1291, '2020-10-11', 779),
(1292, '2020-10-11', 811),
(1293, '2020-10-11', 859),
(1294, '2020-10-11', 86),
(1295, '2020-10-11', 871),
(1296, '2020-10-11', 980),
(1297, '2020-10-11', 199),
(1298, '2020-10-11', 388),
(1299, '2020-10-11', 831),
(1300, '2020-10-11', 1113),
(1301, '2020-10-11', 1118),
(1302, '2020-10-11', 1114),
(1303, '2020-10-12', 1009),
(1304, '2020-10-12', 1017),
(1305, '2020-10-12', 1043),
(1306, '2020-10-12', 1044),
(1307, '2020-10-12', 1048),
(1308, '2020-10-12', 1049),
(1309, '2020-10-12', 1050),
(1310, '2020-10-12', 1058),
(1311, '2020-10-12', 1059),
(1312, '2020-10-12', 1071),
(1313, '2020-10-12', 1078),
(1314, '2020-10-12', 1079),
(1315, '2020-10-12', 108),
(1316, '2020-10-12', 1084),
(1317, '2020-10-12', 1085),
(1318, '2020-10-12', 1092),
(1319, '2020-10-12', 1107),
(1320, '2020-10-12', 1108),
(1321, '2020-10-12', 1109),
(1322, '2020-10-12', 121),
(1323, '2020-10-12', 212),
(1324, '2020-10-12', 234),
(1325, '2020-10-12', 236),
(1326, '2020-10-12', 239),
(1327, '2020-10-12', 260),
(1328, '2020-10-12', 262),
(1329, '2020-10-12', 282),
(1330, '2020-10-12', 284),
(1331, '2020-10-12', 286),
(1332, '2020-10-12', 305),
(1333, '2020-10-12', 306),
(1334, '2020-10-12', 307),
(1335, '2020-10-12', 309),
(1336, '2020-10-12', 323),
(1337, '2020-10-12', 334),
(1338, '2020-10-12', 342),
(1339, '2020-10-12', 345),
(1340, '2020-10-12', 396),
(1341, '2020-10-12', 399),
(1342, '2020-10-12', 419),
(1343, '2020-10-12', 420),
(1344, '2020-10-12', 44),
(1345, '2020-10-12', 462),
(1346, '2020-10-12', 491),
(1347, '2020-10-12', 492),
(1348, '2020-10-12', 525),
(1349, '2020-10-12', 530),
(1350, '2020-10-12', 531),
(1351, '2020-10-12', 550),
(1352, '2020-10-12', 552),
(1353, '2020-10-12', 555),
(1354, '2020-10-12', 570),
(1355, '2020-10-12', 577),
(1356, '2020-10-12', 581),
(1357, '2020-10-12', 583),
(1358, '2020-10-12', 586),
(1359, '2020-10-12', 619),
(1360, '2020-10-12', 621),
(1361, '2020-10-12', 635),
(1362, '2020-10-12', 641),
(1363, '2020-10-12', 642),
(1364, '2020-10-12', 643),
(1365, '2020-10-12', 644),
(1366, '2020-10-12', 645),
(1367, '2020-10-12', 696),
(1368, '2020-10-12', 70),
(1369, '2020-10-12', 700),
(1370, '2020-10-12', 701),
(1371, '2020-10-12', 710),
(1372, '2020-10-12', 721),
(1373, '2020-10-12', 731),
(1374, '2020-10-12', 779),
(1375, '2020-10-12', 811),
(1376, '2020-10-12', 859),
(1377, '2020-10-12', 86),
(1378, '2020-10-12', 871),
(1379, '2020-10-12', 904),
(1380, '2020-10-12', 924),
(1381, '2020-10-12', 942),
(1382, '2020-10-12', 97),
(1383, '2020-10-12', 980),
(1384, '2020-10-12', 196),
(1385, '2020-10-12', 388),
(1386, '2020-10-12', 831),
(1387, '2020-10-12', 1116),
(1388, '2020-10-12', 1091),
(1389, '2020-10-12', 1113),
(1390, '2020-10-12', 1118),
(1391, '2020-10-12', 1114),
(1392, '2020-10-12', 199),
(1393, '2020-10-13', 1017),
(1394, '2020-10-13', 1039),
(1395, '2020-10-13', 1040),
(1396, '2020-10-13', 1043),
(1397, '2020-10-13', 1044),
(1398, '2020-10-13', 1048),
(1399, '2020-10-13', 1049),
(1400, '2020-10-13', 1050),
(1401, '2020-10-13', 1051),
(1402, '2020-10-13', 1058),
(1403, '2020-10-13', 1059),
(1404, '2020-10-13', 1065),
(1405, '2020-10-13', 1071),
(1406, '2020-10-13', 1078),
(1407, '2020-10-13', 1079),
(1408, '2020-10-13', 1081),
(1409, '2020-10-13', 1084),
(1410, '2020-10-13', 1085),
(1411, '2020-10-13', 1092),
(1412, '2020-10-13', 1108),
(1413, '2020-10-13', 1109),
(1414, '2020-10-13', 199),
(1415, '2020-10-13', 212),
(1416, '2020-10-13', 236),
(1417, '2020-10-13', 239),
(1418, '2020-10-13', 260),
(1419, '2020-10-13', 262),
(1420, '2020-10-13', 282),
(1421, '2020-10-13', 284),
(1422, '2020-10-13', 285),
(1423, '2020-10-13', 286),
(1424, '2020-10-13', 291),
(1425, '2020-10-13', 305),
(1426, '2020-10-13', 306),
(1427, '2020-10-13', 307),
(1428, '2020-10-13', 309),
(1429, '2020-10-13', 323),
(1430, '2020-10-13', 342),
(1431, '2020-10-13', 345),
(1432, '2020-10-13', 355),
(1433, '2020-10-13', 389),
(1434, '2020-10-13', 396),
(1435, '2020-10-13', 399),
(1436, '2020-10-13', 420),
(1437, '2020-10-13', 44),
(1438, '2020-10-13', 462),
(1439, '2020-10-13', 491),
(1440, '2020-10-13', 492),
(1441, '2020-10-13', 525),
(1442, '2020-10-13', 530),
(1443, '2020-10-13', 531),
(1444, '2020-10-13', 550),
(1445, '2020-10-13', 552),
(1446, '2020-10-13', 555),
(1447, '2020-10-13', 577),
(1448, '2020-10-13', 581),
(1449, '2020-10-13', 583),
(1450, '2020-10-13', 586),
(1451, '2020-10-13', 619),
(1452, '2020-10-13', 621),
(1453, '2020-10-13', 635),
(1454, '2020-10-13', 641),
(1455, '2020-10-13', 642),
(1456, '2020-10-13', 643),
(1457, '2020-10-13', 644),
(1458, '2020-10-13', 645),
(1459, '2020-10-13', 667),
(1460, '2020-10-13', 696),
(1461, '2020-10-13', 698),
(1462, '2020-10-13', 70),
(1463, '2020-10-13', 700),
(1464, '2020-10-13', 710),
(1465, '2020-10-13', 721),
(1466, '2020-10-13', 731),
(1467, '2020-10-13', 779),
(1468, '2020-10-13', 811),
(1469, '2020-10-13', 859),
(1470, '2020-10-13', 86),
(1471, '2020-10-13', 871),
(1472, '2020-10-13', 924),
(1473, '2020-10-13', 942),
(1474, '2020-10-13', 97),
(1475, '2020-10-13', 980),
(1476, '2020-10-13', 196),
(1477, '2020-10-13', 388),
(1478, '2020-10-13', 831),
(1479, '2020-10-13', 1116),
(1480, '2020-10-13', 1112),
(1481, '2020-10-13', 1091),
(1482, '2020-10-13', 1114),
(1483, '2020-10-13', 1109),
(1484, '2020-10-13', 1118),
(1485, '2020-10-13', 419),
(1486, '2020-10-14', 1017),
(1487, '2020-10-14', 1039),
(1488, '2020-10-14', 1040),
(1489, '2020-10-14', 1043),
(1490, '2020-10-14', 1044),
(1491, '2020-10-14', 1048),
(1492, '2020-10-14', 1049),
(1493, '2020-10-14', 1050),
(1494, '2020-10-14', 1051),
(1495, '2020-10-14', 1058),
(1496, '2020-10-14', 1059),
(1497, '2020-10-14', 1065),
(1498, '2020-10-14', 1071),
(1499, '2020-10-14', 1078),
(1500, '2020-10-14', 1079),
(1501, '2020-10-14', 108),
(1502, '2020-10-14', 1081),
(1503, '2020-10-14', 1084),
(1504, '2020-10-14', 1085),
(1505, '2020-10-14', 1092),
(1506, '2020-10-14', 1107),
(1507, '2020-10-14', 1108),
(1508, '2020-10-14', 1109),
(1509, '2020-10-14', 121),
(1510, '2020-10-14', 180),
(1511, '2020-10-14', 199),
(1512, '2020-10-14', 212),
(1513, '2020-10-14', 219),
(1514, '2020-10-14', 234),
(1515, '2020-10-14', 236),
(1516, '2020-10-14', 239),
(1517, '2020-10-14', 254),
(1518, '2020-10-14', 260),
(1519, '2020-10-14', 262),
(1520, '2020-10-14', 282),
(1521, '2020-10-14', 284),
(1522, '2020-10-14', 285),
(1523, '2020-10-14', 286),
(1524, '2020-10-14', 305),
(1525, '2020-10-14', 306),
(1526, '2020-10-14', 307),
(1527, '2020-10-14', 309),
(1528, '2020-10-14', 323),
(1529, '2020-10-14', 342),
(1530, '2020-10-14', 345),
(1531, '2020-10-14', 355),
(1532, '2020-10-14', 396),
(1533, '2020-10-14', 399),
(1534, '2020-10-14', 419),
(1535, '2020-10-14', 420),
(1536, '2020-10-14', 44),
(1537, '2020-10-14', 462),
(1538, '2020-10-14', 492),
(1539, '2020-10-14', 52),
(1540, '2020-10-14', 525),
(1541, '2020-10-14', 530),
(1542, '2020-10-14', 531),
(1543, '2020-10-14', 550),
(1544, '2020-10-14', 552),
(1545, '2020-10-14', 555),
(1546, '2020-10-14', 577),
(1547, '2020-10-14', 581),
(1548, '2020-10-14', 583),
(1549, '2020-10-14', 586),
(1550, '2020-10-14', 619),
(1551, '2020-10-14', 621),
(1552, '2020-10-14', 635),
(1553, '2020-10-14', 641),
(1554, '2020-10-14', 642),
(1555, '2020-10-14', 643),
(1556, '2020-10-14', 644),
(1557, '2020-10-14', 645),
(1558, '2020-10-14', 667),
(1559, '2020-10-14', 669),
(1560, '2020-10-14', 696),
(1561, '2020-10-14', 698),
(1562, '2020-10-14', 70),
(1563, '2020-10-14', 700),
(1564, '2020-10-14', 701),
(1565, '2020-10-14', 721),
(1566, '2020-10-14', 731),
(1567, '2020-10-14', 779),
(1568, '2020-10-14', 811),
(1569, '2020-10-14', 817),
(1570, '2020-10-14', 843),
(1571, '2020-10-14', 859),
(1572, '2020-10-14', 86),
(1573, '2020-10-14', 871),
(1574, '2020-10-14', 879),
(1575, '2020-10-14', 880),
(1576, '2020-10-14', 924),
(1577, '2020-10-14', 942),
(1578, '2020-10-14', 97),
(1579, '2020-10-14', 980),
(1580, '2020-10-14', 196),
(1581, '2020-10-14', 388),
(1582, '2020-10-14', 831),
(1583, '2020-10-14', 1112),
(1584, '2020-10-14', 1091),
(1585, '2020-10-14', 1114),
(1586, '2020-10-14', 1113),
(1587, '2020-10-14', 1116),
(1588, '2020-10-15', 1009),
(1589, '2020-10-15', 1017),
(1590, '2020-10-15', 1039),
(1591, '2020-10-15', 1040),
(1592, '2020-10-15', 1043),
(1593, '2020-10-15', 1044),
(1594, '2020-10-15', 1048),
(1595, '2020-10-15', 1049),
(1596, '2020-10-15', 1050),
(1597, '2020-10-15', 1051),
(1598, '2020-10-15', 1058),
(1599, '2020-10-15', 1059),
(1600, '2020-10-15', 1065),
(1601, '2020-10-15', 1071),
(1602, '2020-10-15', 1078),
(1603, '2020-10-15', 1079),
(1604, '2020-10-15', 108),
(1605, '2020-10-15', 1081),
(1606, '2020-10-15', 1084),
(1607, '2020-10-15', 1085),
(1608, '2020-10-15', 1092),
(1609, '2020-10-15', 1107),
(1610, '2020-10-15', 1108),
(1611, '2020-10-15', 1109),
(1612, '2020-10-15', 199),
(1613, '2020-10-15', 212),
(1614, '2020-10-15', 234),
(1615, '2020-10-15', 236),
(1616, '2020-10-15', 239),
(1617, '2020-10-15', 254),
(1618, '2020-10-15', 260),
(1619, '2020-10-15', 262),
(1620, '2020-10-15', 282),
(1621, '2020-10-15', 284),
(1622, '2020-10-15', 285),
(1623, '2020-10-15', 286),
(1624, '2020-10-15', 305),
(1625, '2020-10-15', 306),
(1626, '2020-10-15', 307),
(1627, '2020-10-15', 309),
(1628, '2020-10-15', 323),
(1629, '2020-10-15', 342),
(1630, '2020-10-15', 345),
(1631, '2020-10-15', 389),
(1632, '2020-10-15', 399),
(1633, '2020-10-15', 419),
(1634, '2020-10-15', 420),
(1635, '2020-10-15', 43),
(1636, '2020-10-15', 44),
(1637, '2020-10-15', 462),
(1638, '2020-10-15', 491),
(1639, '2020-10-15', 492),
(1640, '2020-10-15', 52),
(1641, '2020-10-15', 525),
(1642, '2020-10-15', 530),
(1643, '2020-10-15', 531),
(1644, '2020-10-15', 550),
(1645, '2020-10-15', 552),
(1646, '2020-10-15', 577),
(1647, '2020-10-15', 581),
(1648, '2020-10-15', 583),
(1649, '2020-10-15', 586),
(1650, '2020-10-15', 619),
(1651, '2020-10-15', 621),
(1652, '2020-10-15', 635),
(1653, '2020-10-15', 641),
(1654, '2020-10-15', 642),
(1655, '2020-10-15', 643),
(1656, '2020-10-15', 644),
(1657, '2020-10-15', 645),
(1658, '2020-10-15', 667),
(1659, '2020-10-15', 669),
(1660, '2020-10-15', 696),
(1661, '2020-10-15', 698),
(1662, '2020-10-15', 70),
(1663, '2020-10-15', 700),
(1664, '2020-10-15', 711),
(1665, '2020-10-15', 721),
(1666, '2020-10-15', 779),
(1667, '2020-10-15', 811),
(1668, '2020-10-15', 859),
(1669, '2020-10-15', 86),
(1670, '2020-10-15', 871),
(1671, '2020-10-15', 924),
(1672, '2020-10-15', 942),
(1673, '2020-10-15', 97),
(1674, '2020-10-15', 980),
(1675, '2020-10-15', 196),
(1676, '2020-10-15', 388),
(1677, '2020-10-15', 831),
(1678, '2020-10-15', 1116),
(1679, '2020-10-15', 1121),
(1680, '2020-10-15', 1118),
(1681, '2020-10-15', 1113),
(1682, '2020-10-15', 1091),
(1683, '2020-10-15', 1112),
(1684, '2020-10-15', 1114),
(1685, '2020-10-16', 1039),
(1686, '2020-10-16', 1040),
(1687, '2020-10-16', 1043),
(1688, '2020-10-16', 1044),
(1689, '2020-10-16', 1048),
(1690, '2020-10-16', 1049),
(1691, '2020-10-16', 1050),
(1692, '2020-10-16', 1051),
(1693, '2020-10-16', 1058),
(1694, '2020-10-16', 1059),
(1695, '2020-10-16', 1065),
(1696, '2020-10-16', 1069),
(1697, '2020-10-16', 1071),
(1698, '2020-10-16', 1078),
(1699, '2020-10-16', 1079),
(1700, '2020-10-16', 108),
(1701, '2020-10-16', 1084),
(1702, '2020-10-16', 1085),
(1703, '2020-10-16', 1092),
(1704, '2020-10-16', 1107),
(1705, '2020-10-16', 1108),
(1706, '2020-10-16', 1109),
(1707, '2020-10-16', 180),
(1708, '2020-10-16', 199),
(1709, '2020-10-16', 212),
(1710, '2020-10-16', 219),
(1711, '2020-10-16', 234),
(1712, '2020-10-16', 236),
(1713, '2020-10-16', 239),
(1714, '2020-10-16', 254),
(1715, '2020-10-16', 262),
(1716, '2020-10-16', 282),
(1717, '2020-10-16', 284),
(1718, '2020-10-16', 285),
(1719, '2020-10-16', 286),
(1720, '2020-10-16', 305),
(1721, '2020-10-16', 306),
(1722, '2020-10-16', 307),
(1723, '2020-10-16', 309),
(1724, '2020-10-16', 323),
(1725, '2020-10-16', 334),
(1726, '2020-10-16', 342),
(1727, '2020-10-16', 345),
(1728, '2020-10-16', 355),
(1729, '2020-10-16', 389),
(1730, '2020-10-16', 396),
(1731, '2020-10-16', 399),
(1732, '2020-10-16', 419),
(1733, '2020-10-16', 420),
(1734, '2020-10-16', 43),
(1735, '2020-10-16', 44),
(1736, '2020-10-16', 462),
(1737, '2020-10-16', 491),
(1738, '2020-10-16', 492),
(1739, '2020-10-16', 52),
(1740, '2020-10-16', 525),
(1741, '2020-10-16', 530),
(1742, '2020-10-16', 550),
(1743, '2020-10-16', 570),
(1744, '2020-10-16', 577),
(1745, '2020-10-16', 581),
(1746, '2020-10-16', 583),
(1747, '2020-10-16', 586),
(1748, '2020-10-16', 621),
(1749, '2020-10-16', 635),
(1750, '2020-10-16', 641),
(1751, '2020-10-16', 643),
(1752, '2020-10-16', 644),
(1753, '2020-10-16', 645),
(1754, '2020-10-16', 667),
(1755, '2020-10-16', 669),
(1756, '2020-10-16', 696),
(1757, '2020-10-16', 697),
(1758, '2020-10-16', 698),
(1759, '2020-10-16', 70),
(1760, '2020-10-16', 700),
(1761, '2020-10-16', 701),
(1762, '2020-10-16', 710),
(1763, '2020-10-16', 718),
(1764, '2020-10-16', 721),
(1765, '2020-10-16', 779),
(1766, '2020-10-16', 811),
(1767, '2020-10-16', 817),
(1768, '2020-10-16', 859),
(1769, '2020-10-16', 86),
(1770, '2020-10-16', 871),
(1771, '2020-10-16', 924),
(1772, '2020-10-16', 942),
(1773, '2020-10-16', 97),
(1774, '2020-10-16', 980),
(1775, '2020-10-16', 196),
(1776, '2020-10-16', 388),
(1777, '2020-10-16', 831),
(1778, '2020-10-16', 1116),
(1779, '2020-10-16', 1114),
(1780, '2020-10-16', 1113),
(1781, '2020-10-16', 1112),
(1782, '2020-10-16', 1125),
(1783, '2020-10-16', 1091),
(1784, '2020-10-17', 1017),
(1785, '2020-10-17', 1039),
(1786, '2020-10-17', 1040),
(1787, '2020-10-17', 1043),
(1788, '2020-10-17', 1044),
(1789, '2020-10-17', 1048),
(1790, '2020-10-17', 1049),
(1791, '2020-10-17', 1050),
(1792, '2020-10-17', 1051),
(1793, '2020-10-17', 1058),
(1794, '2020-10-17', 1059),
(1795, '2020-10-17', 1065),
(1796, '2020-10-17', 1071),
(1797, '2020-10-17', 1078),
(1798, '2020-10-17', 1079),
(1799, '2020-10-17', 108),
(1800, '2020-10-17', 1081),
(1801, '2020-10-17', 1084),
(1802, '2020-10-17', 1085),
(1803, '2020-10-17', 1092),
(1804, '2020-10-17', 1107),
(1805, '2020-10-17', 1108),
(1806, '2020-10-17', 1109),
(1807, '2020-10-17', 180),
(1808, '2020-10-17', 199),
(1809, '2020-10-17', 212),
(1810, '2020-10-17', 234),
(1811, '2020-10-17', 236),
(1812, '2020-10-17', 239),
(1813, '2020-10-17', 254),
(1814, '2020-10-17', 260),
(1815, '2020-10-17', 262),
(1816, '2020-10-17', 282),
(1817, '2020-10-17', 284),
(1818, '2020-10-17', 285),
(1819, '2020-10-17', 286),
(1820, '2020-10-17', 305),
(1821, '2020-10-17', 306),
(1822, '2020-10-17', 307),
(1823, '2020-10-17', 309),
(1824, '2020-10-17', 323),
(1825, '2020-10-17', 334),
(1826, '2020-10-17', 342),
(1827, '2020-10-17', 345),
(1828, '2020-10-17', 355),
(1829, '2020-10-17', 396),
(1830, '2020-10-17', 399),
(1831, '2020-10-17', 411),
(1832, '2020-10-17', 419),
(1833, '2020-10-17', 420),
(1834, '2020-10-17', 43),
(1835, '2020-10-17', 44),
(1836, '2020-10-17', 462),
(1837, '2020-10-17', 491),
(1838, '2020-10-17', 492),
(1839, '2020-10-17', 525),
(1840, '2020-10-17', 530),
(1841, '2020-10-17', 550),
(1842, '2020-10-17', 552),
(1843, '2020-10-17', 555),
(1844, '2020-10-17', 570),
(1845, '2020-10-17', 577),
(1846, '2020-10-17', 581),
(1847, '2020-10-17', 583),
(1848, '2020-10-17', 586),
(1849, '2020-10-17', 60),
(1850, '2020-10-17', 619),
(1851, '2020-10-17', 621),
(1852, '2020-10-17', 635),
(1853, '2020-10-17', 641),
(1854, '2020-10-17', 642),
(1855, '2020-10-17', 643),
(1856, '2020-10-17', 644),
(1857, '2020-10-17', 645),
(1858, '2020-10-17', 667),
(1859, '2020-10-17', 669),
(1860, '2020-10-17', 696),
(1861, '2020-10-17', 697),
(1862, '2020-10-17', 698),
(1863, '2020-10-17', 70),
(1864, '2020-10-17', 700),
(1865, '2020-10-17', 701),
(1866, '2020-10-17', 710),
(1867, '2020-10-17', 711),
(1868, '2020-10-17', 718),
(1869, '2020-10-17', 721),
(1870, '2020-10-17', 779),
(1871, '2020-10-17', 811),
(1872, '2020-10-17', 859),
(1873, '2020-10-17', 86),
(1874, '2020-10-17', 871),
(1875, '2020-10-17', 924),
(1876, '2020-10-17', 942),
(1877, '2020-10-17', 97),
(1878, '2020-10-17', 980),
(1879, '2020-10-17', 196),
(1880, '2020-10-17', 388),
(1881, '2020-10-17', 831),
(1882, '2020-10-17', 1113),
(1883, '2020-10-17', 1112),
(1884, '2020-10-17', 1091),
(1885, '2020-10-17', 1116),
(1886, '2020-10-17', 389),
(1887, '2020-10-17', 1125),
(1888, '2020-10-17', 1114),
(1889, '2020-10-18', 1039),
(1890, '2020-10-18', 711),
(1891, '2020-10-18', 1040),
(1892, '2020-10-18', 701),
(1893, '2020-10-18', 721),
(1894, '2020-10-18', 1059),
(1895, '2020-10-18', 1116),
(1896, '2020-10-18', 619),
(1897, '2020-10-18', 1044),
(1898, '2020-10-18', 698),
(1899, '2020-10-18', 492),
(1900, '2020-10-18', 1067),
(1901, '2020-10-18', 342),
(1902, '2020-10-18', 291),
(1903, '2020-10-18', 1048),
(1904, '2020-10-18', 286),
(1905, '2020-10-18', 515),
(1906, '2020-10-18', 572),
(1907, '2020-10-18', 673),
(1909, '2020-10-18', 317),
(1910, '2020-10-18', 1043),
(1911, '2020-10-18', 491),
(1912, '2020-10-18', 323),
(1913, '2020-10-18', 420),
(1914, '2020-10-18', 396),
(1915, '2020-10-18', 571),
(1916, '2020-10-18', 400),
(1917, '2020-10-18', 583),
(1918, '2020-10-18', 1119),
(1919, '2020-10-18', 1121),
(1920, '2020-10-18', 1122),
(1921, '2020-10-19', 1017),
(1922, '2020-10-19', 1039),
(1923, '2020-10-19', 1040),
(1924, '2020-10-19', 1043),
(1925, '2020-10-19', 1044),
(1926, '2020-10-19', 1049),
(1927, '2020-10-19', 1050),
(1928, '2020-10-19', 1051),
(1929, '2020-10-19', 1058),
(1930, '2020-10-19', 1059),
(1931, '2020-10-19', 1065),
(1932, '2020-10-19', 1071),
(1933, '2020-10-19', 1078),
(1934, '2020-10-19', 1079),
(1935, '2020-10-19', 108),
(1936, '2020-10-19', 1081),
(1937, '2020-10-19', 1084),
(1938, '2020-10-19', 1085),
(1939, '2020-10-19', 1092),
(1940, '2020-10-19', 1108),
(1941, '2020-10-19', 1109),
(1942, '2020-10-19', 199),
(1943, '2020-10-19', 212),
(1944, '2020-10-19', 234),
(1945, '2020-10-19', 236),
(1946, '2020-10-19', 239),
(1947, '2020-10-19', 254),
(1948, '2020-10-19', 260),
(1949, '2020-10-19', 262),
(1950, '2020-10-19', 282),
(1951, '2020-10-19', 284),
(1952, '2020-10-19', 286),
(1953, '2020-10-19', 305),
(1954, '2020-10-19', 307),
(1955, '2020-10-19', 309),
(1956, '2020-10-19', 323),
(1957, '2020-10-19', 342),
(1958, '2020-10-19', 345),
(1959, '2020-10-19', 355),
(1960, '2020-10-19', 389),
(1961, '2020-10-19', 399),
(1962, '2020-10-19', 411),
(1963, '2020-10-19', 419),
(1964, '2020-10-19', 420),
(1965, '2020-10-19', 43),
(1966, '2020-10-19', 44),
(1967, '2020-10-19', 462),
(1968, '2020-10-19', 491),
(1969, '2020-10-19', 492),
(1970, '2020-10-19', 52),
(1971, '2020-10-19', 525),
(1972, '2020-10-19', 530),
(1973, '2020-10-19', 531),
(1974, '2020-10-19', 550),
(1975, '2020-10-19', 552),
(1976, '2020-10-19', 555),
(1977, '2020-10-19', 570),
(1978, '2020-10-19', 577),
(1979, '2020-10-19', 581),
(1980, '2020-10-19', 583),
(1981, '2020-10-19', 619),
(1982, '2020-10-19', 621),
(1983, '2020-10-19', 635),
(1984, '2020-10-19', 641),
(1985, '2020-10-19', 642),
(1986, '2020-10-19', 643),
(1987, '2020-10-19', 644),
(1988, '2020-10-19', 645),
(1989, '2020-10-19', 657),
(1990, '2020-10-19', 667),
(1991, '2020-10-19', 669),
(1992, '2020-10-19', 696),
(1993, '2020-10-19', 697),
(1994, '2020-10-19', 698),
(1995, '2020-10-19', 70),
(1996, '2020-10-19', 701),
(1997, '2020-10-19', 710),
(1998, '2020-10-19', 711),
(1999, '2020-10-19', 717),
(2000, '2020-10-19', 718),
(2001, '2020-10-19', 721),
(2002, '2020-10-19', 779),
(2003, '2020-10-19', 811),
(2004, '2020-10-19', 859),
(2005, '2020-10-19', 86),
(2006, '2020-10-19', 871),
(2007, '2020-10-19', 879),
(2008, '2020-10-19', 880),
(2009, '2020-10-19', 924),
(2010, '2020-10-19', 97),
(2011, '2020-10-19', 980),
(2012, '2020-10-19', 196),
(2013, '2020-10-19', 388),
(2014, '2020-10-19', 831),
(2015, '2020-10-19', 1112),
(2016, '2020-10-19', 1125),
(2017, '2020-10-19', 1091),
(2018, '2020-10-19', 1113),
(2019, '2020-10-19', 1118),
(2020, '2020-10-19', 1116),
(2021, '2020-10-19', 1114),
(2022, '2020-10-20', 1009),
(2023, '2020-10-20', 1017),
(2024, '2020-10-20', 1039),
(2025, '2020-10-20', 1040),
(2026, '2020-10-20', 1043),
(2027, '2020-10-20', 1044),
(2028, '2020-10-20', 1048),
(2029, '2020-10-20', 1049),
(2030, '2020-10-20', 1051),
(2031, '2020-10-20', 1058),
(2032, '2020-10-20', 1059),
(2033, '2020-10-20', 1065),
(2034, '2020-10-20', 1071),
(2035, '2020-10-20', 1078),
(2036, '2020-10-20', 1079),
(2037, '2020-10-20', 108),
(2038, '2020-10-20', 1081),
(2039, '2020-10-20', 1084),
(2040, '2020-10-20', 1085),
(2041, '2020-10-20', 1092),
(2042, '2020-10-20', 1109),
(2043, '2020-10-20', 199),
(2044, '2020-10-20', 212),
(2045, '2020-10-20', 234),
(2046, '2020-10-20', 236),
(2047, '2020-10-20', 239),
(2048, '2020-10-20', 254),
(2049, '2020-10-20', 260),
(2050, '2020-10-20', 262),
(2051, '2020-10-20', 282),
(2052, '2020-10-20', 284),
(2053, '2020-10-20', 285),
(2054, '2020-10-20', 286),
(2055, '2020-10-20', 305),
(2056, '2020-10-20', 307),
(2057, '2020-10-20', 309),
(2058, '2020-10-20', 323),
(2059, '2020-10-20', 334),
(2060, '2020-10-20', 342),
(2061, '2020-10-20', 345),
(2062, '2020-10-20', 355),
(2063, '2020-10-20', 389),
(2064, '2020-10-20', 399),
(2065, '2020-10-20', 411),
(2066, '2020-10-20', 419),
(2067, '2020-10-20', 420),
(2068, '2020-10-20', 43),
(2069, '2020-10-20', 44),
(2070, '2020-10-20', 462),
(2071, '2020-10-20', 491),
(2072, '2020-10-20', 492),
(2073, '2020-10-20', 52),
(2074, '2020-10-20', 525),
(2075, '2020-10-20', 530),
(2076, '2020-10-20', 531),
(2077, '2020-10-20', 550),
(2078, '2020-10-20', 552),
(2079, '2020-10-20', 555),
(2080, '2020-10-20', 570),
(2081, '2020-10-20', 577),
(2082, '2020-10-20', 580),
(2083, '2020-10-20', 581),
(2084, '2020-10-20', 583),
(2085, '2020-10-20', 586),
(2086, '2020-10-20', 619),
(2087, '2020-10-20', 621),
(2088, '2020-10-20', 635),
(2089, '2020-10-20', 641),
(2090, '2020-10-20', 642),
(2091, '2020-10-20', 643),
(2092, '2020-10-20', 644),
(2093, '2020-10-20', 645),
(2094, '2020-10-20', 664),
(2095, '2020-10-20', 667),
(2096, '2020-10-20', 669),
(2097, '2020-10-20', 696),
(2098, '2020-10-20', 697),
(2099, '2020-10-20', 698),
(2100, '2020-10-20', 70),
(2101, '2020-10-20', 700),
(2102, '2020-10-20', 711),
(2103, '2020-10-20', 718),
(2104, '2020-10-20', 721),
(2105, '2020-10-20', 779),
(2106, '2020-10-20', 811),
(2107, '2020-10-20', 859),
(2108, '2020-10-20', 86),
(2109, '2020-10-20', 871),
(2110, '2020-10-20', 904),
(2111, '2020-10-20', 924),
(2112, '2020-10-20', 942),
(2113, '2020-10-20', 97),
(2114, '2020-10-20', 980),
(2115, '2020-10-20', 196),
(2116, '2020-10-20', 388),
(2117, '2020-10-20', 831),
(2118, '2020-10-20', 731),
(2119, '2020-10-20', 1116),
(2120, '2020-10-20', 1125),
(2121, '2020-10-20', 1112),
(2122, '2020-10-20', 1091),
(2123, '2020-10-20', 1113),
(2124, '2020-10-20', 1118),
(2125, '2020-10-20', 1114),
(2126, '2020-10-21', 1009),
(2127, '2020-10-21', 1017),
(2128, '2020-10-21', 1039),
(2129, '2020-10-21', 1040),
(2130, '2020-10-21', 1043),
(2131, '2020-10-21', 1044),
(2132, '2020-10-21', 1048),
(2133, '2020-10-21', 1049),
(2134, '2020-10-21', 1051),
(2135, '2020-10-21', 1058),
(2136, '2020-10-21', 1065),
(2137, '2020-10-21', 1071),
(2138, '2020-10-21', 1079),
(2139, '2020-10-21', 1081),
(2140, '2020-10-21', 1084),
(2141, '2020-10-21', 1085),
(2142, '2020-10-21', 1092),
(2143, '2020-10-21', 1107),
(2144, '2020-10-21', 1109),
(2145, '2020-10-21', 13),
(2146, '2020-10-21', 199),
(2147, '2020-10-21', 212),
(2148, '2020-10-21', 234),
(2149, '2020-10-21', 236),
(2150, '2020-10-21', 239),
(2151, '2020-10-21', 254),
(2152, '2020-10-21', 260),
(2153, '2020-10-21', 262),
(2154, '2020-10-21', 282),
(2155, '2020-10-21', 284),
(2156, '2020-10-21', 285),
(2157, '2020-10-21', 286),
(2158, '2020-10-21', 309),
(2159, '2020-10-21', 323),
(2160, '2020-10-21', 342),
(2161, '2020-10-21', 345),
(2162, '2020-10-21', 355),
(2163, '2020-10-21', 389),
(2164, '2020-10-21', 399),
(2165, '2020-10-21', 419),
(2166, '2020-10-21', 420),
(2167, '2020-10-21', 425),
(2168, '2020-10-21', 43),
(2169, '2020-10-21', 44),
(2170, '2020-10-21', 462),
(2171, '2020-10-21', 491),
(2172, '2020-10-21', 492),
(2173, '2020-10-21', 525),
(2174, '2020-10-21', 530),
(2175, '2020-10-21', 552),
(2176, '2020-10-21', 555),
(2177, '2020-10-21', 570),
(2178, '2020-10-21', 577),
(2179, '2020-10-21', 581),
(2180, '2020-10-21', 583),
(2181, '2020-10-21', 586),
(2182, '2020-10-21', 619),
(2183, '2020-10-21', 621),
(2184, '2020-10-21', 635),
(2185, '2020-10-21', 641),
(2186, '2020-10-21', 642),
(2187, '2020-10-21', 643),
(2188, '2020-10-21', 644),
(2189, '2020-10-21', 645),
(2190, '2020-10-21', 664),
(2191, '2020-10-21', 667),
(2192, '2020-10-21', 696),
(2193, '2020-10-21', 697),
(2194, '2020-10-21', 698),
(2195, '2020-10-21', 70),
(2196, '2020-10-21', 711),
(2197, '2020-10-21', 721),
(2198, '2020-10-21', 779),
(2199, '2020-10-21', 811),
(2200, '2020-10-21', 817),
(2201, '2020-10-21', 859),
(2202, '2020-10-21', 871),
(2203, '2020-10-21', 924),
(2204, '2020-10-21', 942),
(2205, '2020-10-21', 97),
(2206, '2020-10-21', 980),
(2207, '2020-10-21', 196),
(2208, '2020-10-21', 388),
(2209, '2020-10-21', 831),
(2210, '2020-10-21', 1116),
(2211, '2020-10-21', 1125),
(2212, '2020-10-21', 1112),
(2213, '2020-10-21', 1091),
(2214, '2020-10-21', 1113),
(2215, '2020-10-21', 1114),
(2216, '2020-10-21', 1124),
(2217, '2020-10-22', 1039),
(2218, '2020-10-22', 1040),
(2219, '2020-10-22', 1043),
(2220, '2020-10-22', 1044);
INSERT INTO `antrua` (`id`, `ngay`, `macongnhan`) VALUES
(2221, '2020-10-22', 1048),
(2222, '2020-10-22', 1049),
(2223, '2020-10-22', 1050),
(2224, '2020-10-22', 1051),
(2225, '2020-10-22', 1058),
(2226, '2020-10-22', 1059),
(2227, '2020-10-22', 1065),
(2228, '2020-10-22', 1071),
(2229, '2020-10-22', 1079),
(2230, '2020-10-22', 1081),
(2231, '2020-10-22', 1084),
(2232, '2020-10-22', 1085),
(2233, '2020-10-22', 1092),
(2234, '2020-10-22', 1107),
(2235, '2020-10-22', 1108),
(2236, '2020-10-22', 1109),
(2237, '2020-10-22', 199),
(2238, '2020-10-22', 212),
(2239, '2020-10-22', 234),
(2240, '2020-10-22', 236),
(2241, '2020-10-22', 239),
(2242, '2020-10-22', 254),
(2243, '2020-10-22', 260),
(2244, '2020-10-22', 262),
(2245, '2020-10-22', 284),
(2246, '2020-10-22', 285),
(2247, '2020-10-22', 286),
(2248, '2020-10-22', 305),
(2249, '2020-10-22', 309),
(2250, '2020-10-22', 323),
(2251, '2020-10-22', 342),
(2252, '2020-10-22', 345),
(2253, '2020-10-22', 355),
(2254, '2020-10-22', 389),
(2255, '2020-10-22', 399),
(2256, '2020-10-22', 419),
(2257, '2020-10-22', 420),
(2258, '2020-10-22', 43),
(2259, '2020-10-22', 44),
(2260, '2020-10-22', 462),
(2261, '2020-10-22', 491),
(2262, '2020-10-22', 492),
(2263, '2020-10-22', 525),
(2264, '2020-10-22', 530),
(2265, '2020-10-22', 550),
(2266, '2020-10-22', 552),
(2267, '2020-10-22', 555),
(2268, '2020-10-22', 570),
(2269, '2020-10-22', 577),
(2270, '2020-10-22', 581),
(2271, '2020-10-22', 583),
(2272, '2020-10-22', 586),
(2273, '2020-10-22', 619),
(2274, '2020-10-22', 621),
(2275, '2020-10-22', 635),
(2276, '2020-10-22', 641),
(2277, '2020-10-22', 643),
(2278, '2020-10-22', 644),
(2279, '2020-10-22', 645),
(2280, '2020-10-22', 664),
(2281, '2020-10-22', 667),
(2282, '2020-10-22', 696),
(2283, '2020-10-22', 697),
(2284, '2020-10-22', 698),
(2285, '2020-10-22', 70),
(2286, '2020-10-22', 710),
(2287, '2020-10-22', 711),
(2288, '2020-10-22', 717),
(2289, '2020-10-22', 721),
(2290, '2020-10-22', 779),
(2291, '2020-10-22', 811),
(2292, '2020-10-22', 859),
(2293, '2020-10-22', 86),
(2294, '2020-10-22', 871),
(2295, '2020-10-22', 904),
(2296, '2020-10-22', 924),
(2297, '2020-10-22', 942),
(2298, '2020-10-22', 97),
(2299, '2020-10-22', 980),
(2300, '2020-10-22', 196),
(2301, '2020-10-22', 388),
(2302, '2020-10-22', 831),
(2303, '2020-10-22', 1116),
(2304, '2020-10-22', 1125),
(2305, '2020-10-22', 1112),
(2306, '2020-10-22', 1091),
(2307, '2020-10-22', 1113),
(2308, '2020-10-22', 1114),
(2309, '2020-10-22', 1124),
(2310, '2020-10-22', 1078),
(2311, '2020-10-23', 1009),
(2312, '2020-10-23', 1017),
(2313, '2020-10-23', 1039),
(2314, '2020-10-23', 1040),
(2315, '2020-10-23', 1043),
(2316, '2020-10-23', 1044),
(2317, '2020-10-23', 1048),
(2318, '2020-10-23', 1049),
(2319, '2020-10-23', 1050),
(2320, '2020-10-23', 1051),
(2321, '2020-10-23', 1059),
(2322, '2020-10-23', 1071),
(2323, '2020-10-23', 1079),
(2324, '2020-10-23', 1081),
(2325, '2020-10-23', 1084),
(2326, '2020-10-23', 1085),
(2327, '2020-10-23', 1092),
(2328, '2020-10-23', 1107),
(2329, '2020-10-23', 1109),
(2330, '2020-10-23', 199),
(2331, '2020-10-23', 212),
(2332, '2020-10-23', 234),
(2333, '2020-10-23', 239),
(2334, '2020-10-23', 254),
(2335, '2020-10-23', 260),
(2336, '2020-10-23', 262),
(2337, '2020-10-23', 282),
(2338, '2020-10-23', 284),
(2339, '2020-10-23', 285),
(2340, '2020-10-23', 286),
(2341, '2020-10-23', 309),
(2342, '2020-10-23', 323),
(2343, '2020-10-23', 342),
(2344, '2020-10-23', 345),
(2345, '2020-10-23', 355),
(2346, '2020-10-23', 389),
(2347, '2020-10-23', 399),
(2348, '2020-10-23', 419),
(2349, '2020-10-23', 420),
(2350, '2020-10-23', 43),
(2351, '2020-10-23', 44),
(2352, '2020-10-23', 462),
(2353, '2020-10-23', 491),
(2354, '2020-10-23', 492),
(2355, '2020-10-23', 525),
(2356, '2020-10-23', 530),
(2357, '2020-10-23', 550),
(2358, '2020-10-23', 552),
(2359, '2020-10-23', 555),
(2360, '2020-10-23', 570),
(2361, '2020-10-23', 577),
(2362, '2020-10-23', 581),
(2363, '2020-10-23', 583),
(2364, '2020-10-23', 586),
(2365, '2020-10-23', 619),
(2366, '2020-10-23', 621),
(2367, '2020-10-23', 635),
(2368, '2020-10-23', 641),
(2369, '2020-10-23', 642),
(2370, '2020-10-23', 643),
(2371, '2020-10-23', 644),
(2372, '2020-10-23', 645),
(2373, '2020-10-23', 664),
(2374, '2020-10-23', 667),
(2375, '2020-10-23', 696),
(2376, '2020-10-23', 697),
(2377, '2020-10-23', 698),
(2378, '2020-10-23', 70),
(2379, '2020-10-23', 700),
(2380, '2020-10-23', 71),
(2381, '2020-10-23', 710),
(2382, '2020-10-23', 717),
(2383, '2020-10-23', 721),
(2384, '2020-10-23', 731),
(2385, '2020-10-23', 779),
(2386, '2020-10-23', 811),
(2387, '2020-10-23', 86),
(2388, '2020-10-23', 871),
(2389, '2020-10-23', 924),
(2390, '2020-10-23', 942),
(2391, '2020-10-23', 97),
(2392, '2020-10-23', 980),
(2393, '2020-10-23', 196),
(2394, '2020-10-23', 388),
(2395, '2020-10-23', 831),
(2396, '2020-10-23', 1116),
(2397, '2020-10-23', 1125),
(2399, '2020-10-23', 1091),
(2400, '2020-10-23', 1113),
(2401, '2020-10-23', 1114),
(2402, '2020-10-23', 1124),
(2403, '2020-10-23', 1126),
(2404, '2020-10-24', 1017),
(2405, '2020-10-24', 1039),
(2406, '2020-10-24', 1040),
(2407, '2020-10-24', 1043),
(2408, '2020-10-24', 1044),
(2409, '2020-10-24', 1048),
(2410, '2020-10-24', 1049),
(2411, '2020-10-24', 1050),
(2412, '2020-10-24', 1051),
(2413, '2020-10-24', 1059),
(2414, '2020-10-24', 1065),
(2415, '2020-10-24', 1071),
(2416, '2020-10-24', 1078),
(2417, '2020-10-24', 1079),
(2418, '2020-10-24', 1084),
(2419, '2020-10-24', 1085),
(2420, '2020-10-24', 1092),
(2421, '2020-10-24', 1105),
(2422, '2020-10-24', 1107),
(2423, '2020-10-24', 1108),
(2424, '2020-10-24', 1109),
(2425, '2020-10-24', 199),
(2426, '2020-10-24', 212),
(2427, '2020-10-24', 234),
(2428, '2020-10-24', 236),
(2429, '2020-10-24', 239),
(2430, '2020-10-24', 254),
(2431, '2020-10-24', 260),
(2432, '2020-10-24', 262),
(2433, '2020-10-24', 282),
(2434, '2020-10-24', 284),
(2435, '2020-10-24', 285),
(2436, '2020-10-24', 286),
(2437, '2020-10-24', 305),
(2438, '2020-10-24', 309),
(2439, '2020-10-24', 323),
(2440, '2020-10-24', 342),
(2441, '2020-10-24', 345),
(2442, '2020-10-24', 355),
(2443, '2020-10-24', 389),
(2444, '2020-10-24', 399),
(2445, '2020-10-24', 419),
(2446, '2020-10-24', 420),
(2447, '2020-10-24', 43),
(2448, '2020-10-24', 44),
(2449, '2020-10-24', 462),
(2450, '2020-10-24', 491),
(2451, '2020-10-24', 525),
(2452, '2020-10-24', 550),
(2453, '2020-10-24', 552),
(2454, '2020-10-24', 555),
(2455, '2020-10-24', 570),
(2456, '2020-10-24', 577),
(2457, '2020-10-24', 581),
(2458, '2020-10-24', 583),
(2459, '2020-10-24', 586),
(2460, '2020-10-24', 619),
(2461, '2020-10-24', 621),
(2462, '2020-10-24', 641),
(2463, '2020-10-24', 642),
(2464, '2020-10-24', 643),
(2465, '2020-10-24', 644),
(2466, '2020-10-24', 645),
(2467, '2020-10-24', 664),
(2468, '2020-10-24', 667),
(2469, '2020-10-24', 696),
(2470, '2020-10-24', 697),
(2471, '2020-10-24', 698),
(2472, '2020-10-24', 70),
(2473, '2020-10-24', 700),
(2474, '2020-10-24', 71),
(2475, '2020-10-24', 710),
(2476, '2020-10-24', 717),
(2477, '2020-10-24', 721),
(2478, '2020-10-24', 731),
(2479, '2020-10-24', 779),
(2480, '2020-10-24', 811),
(2481, '2020-10-24', 843),
(2482, '2020-10-24', 859),
(2483, '2020-10-24', 86),
(2484, '2020-10-24', 871),
(2485, '2020-10-24', 904),
(2486, '2020-10-24', 924),
(2487, '2020-10-24', 97),
(2488, '2020-10-24', 980),
(2489, '2020-10-24', 196),
(2490, '2020-10-24', 388),
(2491, '2020-10-24', 831),
(2492, '2020-10-24', 1116),
(2493, '2020-10-24', 1125),
(2494, '2020-10-24', 1112),
(2495, '2020-10-24', 1113),
(2496, '2020-10-24', 124),
(2497, '2020-10-24', 1114),
(2498, '2020-10-24', 1126),
(2499, '2020-10-24', 1127),
(2500, '2020-10-24', 1091),
(2501, '2020-10-25', 1009),
(2502, '2020-10-25', 1017),
(2503, '2020-10-25', 1039),
(2504, '2020-10-25', 1040),
(2505, '2020-10-25', 1044),
(2506, '2020-10-25', 1048),
(2507, '2020-10-25', 1049),
(2508, '2020-10-25', 1050),
(2509, '2020-10-25', 1051),
(2510, '2020-10-25', 1065),
(2511, '2020-10-25', 1078),
(2512, '2020-10-25', 1084),
(2513, '2020-10-25', 1085),
(2514, '2020-10-25', 1092),
(2515, '2020-10-25', 1108),
(2516, '2020-10-25', 1109),
(2517, '2020-10-25', 199),
(2518, '2020-10-25', 212),
(2519, '2020-10-25', 234),
(2520, '2020-10-25', 239),
(2521, '2020-10-25', 254),
(2522, '2020-10-25', 260),
(2523, '2020-10-25', 262),
(2524, '2020-10-25', 282),
(2525, '2020-10-25', 286),
(2526, '2020-10-25', 305),
(2527, '2020-10-25', 309),
(2528, '2020-10-25', 323),
(2529, '2020-10-25', 355),
(2530, '2020-10-25', 389),
(2531, '2020-10-25', 399),
(2532, '2020-10-25', 419),
(2533, '2020-10-25', 420),
(2534, '2020-10-25', 425),
(2535, '2020-10-25', 43),
(2536, '2020-10-25', 44),
(2537, '2020-10-25', 492),
(2538, '2020-10-25', 550),
(2539, '2020-10-25', 552),
(2540, '2020-10-25', 555),
(2541, '2020-10-25', 570),
(2542, '2020-10-25', 577),
(2543, '2020-10-25', 581),
(2544, '2020-10-25', 619),
(2545, '2020-10-25', 621),
(2546, '2020-10-25', 635),
(2547, '2020-10-25', 641),
(2548, '2020-10-25', 642),
(2549, '2020-10-25', 643),
(2550, '2020-10-25', 644),
(2551, '2020-10-25', 645),
(2552, '2020-10-25', 661),
(2553, '2020-10-25', 664),
(2554, '2020-10-25', 696),
(2555, '2020-10-25', 698),
(2556, '2020-10-25', 70),
(2557, '2020-10-25', 710),
(2558, '2020-10-25', 717),
(2559, '2020-10-25', 721),
(2560, '2020-10-25', 811),
(2561, '2020-10-25', 817),
(2562, '2020-10-25', 86),
(2563, '2020-10-25', 871),
(2564, '2020-10-25', 904),
(2565, '2020-10-25', 97),
(2566, '2020-10-25', 196),
(2567, '2020-10-25', 388),
(2568, '2020-10-25', 831),
(2569, '2020-10-25', 1116),
(2570, '2020-10-25', 1125),
(2571, '2020-10-25', 1112),
(2572, '2020-10-25', 1091),
(2573, '2020-10-25', 1113),
(2574, '2020-10-25', 1124),
(2575, '2020-10-25', 1116),
(2576, '2020-10-25', 1126),
(2577, '2020-10-26', 1009),
(2578, '2020-10-26', 1039),
(2579, '2020-10-26', 1040),
(2580, '2020-10-26', 1044),
(2581, '2020-10-26', 1048),
(2582, '2020-10-26', 1049),
(2583, '2020-10-26', 1050),
(2584, '2020-10-26', 1051),
(2585, '2020-10-26', 1059),
(2586, '2020-10-26', 1065),
(2587, '2020-10-26', 1071),
(2588, '2020-10-26', 1078),
(2589, '2020-10-26', 1081),
(2590, '2020-10-26', 1084),
(2591, '2020-10-26', 1085),
(2592, '2020-10-26', 1107),
(2593, '2020-10-26', 1108),
(2594, '2020-10-26', 1109),
(2595, '2020-10-26', 199),
(2596, '2020-10-26', 212),
(2597, '2020-10-26', 234),
(2598, '2020-10-26', 236),
(2599, '2020-10-26', 239),
(2600, '2020-10-26', 254),
(2601, '2020-10-26', 260),
(2602, '2020-10-26', 262),
(2603, '2020-10-26', 282),
(2604, '2020-10-26', 284),
(2605, '2020-10-26', 285),
(2606, '2020-10-26', 286),
(2607, '2020-10-26', 305),
(2608, '2020-10-26', 309),
(2609, '2020-10-26', 323),
(2610, '2020-10-26', 342),
(2611, '2020-10-26', 345),
(2612, '2020-10-26', 355),
(2613, '2020-10-26', 389),
(2614, '2020-10-26', 399),
(2615, '2020-10-26', 419),
(2616, '2020-10-26', 420),
(2617, '2020-10-26', 43),
(2618, '2020-10-26', 44),
(2619, '2020-10-26', 462),
(2620, '2020-10-26', 491),
(2621, '2020-10-26', 492),
(2622, '2020-10-26', 525),
(2623, '2020-10-26', 550),
(2624, '2020-10-26', 552),
(2625, '2020-10-26', 555),
(2626, '2020-10-26', 570),
(2627, '2020-10-26', 577),
(2628, '2020-10-26', 581),
(2629, '2020-10-26', 583),
(2630, '2020-10-26', 586),
(2631, '2020-10-26', 610),
(2632, '2020-10-26', 619),
(2633, '2020-10-26', 635),
(2634, '2020-10-26', 641),
(2635, '2020-10-26', 642),
(2636, '2020-10-26', 644),
(2637, '2020-10-26', 645),
(2638, '2020-10-26', 664),
(2639, '2020-10-26', 696),
(2640, '2020-10-26', 697),
(2641, '2020-10-26', 698),
(2642, '2020-10-26', 70),
(2643, '2020-10-26', 700),
(2644, '2020-10-26', 71),
(2645, '2020-10-26', 721),
(2646, '2020-10-26', 731),
(2647, '2020-10-26', 779),
(2648, '2020-10-26', 811),
(2649, '2020-10-26', 86),
(2650, '2020-10-26', 871),
(2651, '2020-10-26', 924),
(2652, '2020-10-26', 980),
(2653, '2020-10-26', 196),
(2654, '2020-10-26', 388),
(2655, '2020-10-26', 831),
(2656, '2020-10-26', 1116),
(2657, '2020-10-26', 1112),
(2658, '2020-10-26', 1125),
(2659, '2020-10-26', 1091),
(2660, '2020-10-26', 1113),
(2661, '2020-10-26', 1124),
(2662, '2020-10-26', 1114),
(2663, '2020-10-26', 1126),
(2664, '2020-10-26', 1127),
(2665, '2020-10-27', 1009),
(2666, '2020-10-27', 1017),
(2667, '2020-10-27', 1039),
(2668, '2020-10-27', 1043),
(2669, '2020-10-27', 1044),
(2670, '2020-10-27', 1048),
(2671, '2020-10-27', 1049),
(2672, '2020-10-27', 1050),
(2673, '2020-10-27', 1051),
(2674, '2020-10-27', 1065),
(2675, '2020-10-27', 1071),
(2676, '2020-10-27', 1078),
(2677, '2020-10-27', 1081),
(2678, '2020-10-27', 1084),
(2679, '2020-10-27', 1085),
(2680, '2020-10-27', 1092),
(2681, '2020-10-27', 1107),
(2682, '2020-10-27', 1109),
(2683, '2020-10-27', 1114),
(2684, '2020-10-27', 199),
(2685, '2020-10-27', 212),
(2686, '2020-10-27', 234),
(2687, '2020-10-27', 236),
(2688, '2020-10-27', 239),
(2689, '2020-10-27', 254),
(2690, '2020-10-27', 260),
(2691, '2020-10-27', 284),
(2692, '2020-10-27', 285),
(2693, '2020-10-27', 286),
(2694, '2020-10-27', 305),
(2695, '2020-10-27', 323),
(2696, '2020-10-27', 342),
(2697, '2020-10-27', 355),
(2698, '2020-10-27', 389),
(2699, '2020-10-27', 399),
(2700, '2020-10-27', 419),
(2701, '2020-10-27', 43),
(2702, '2020-10-27', 44),
(2703, '2020-10-27', 462),
(2704, '2020-10-27', 492),
(2705, '2020-10-27', 525),
(2706, '2020-10-27', 550),
(2707, '2020-10-27', 552),
(2708, '2020-10-27', 555),
(2709, '2020-10-27', 570),
(2710, '2020-10-27', 577),
(2711, '2020-10-27', 583),
(2712, '2020-10-27', 586),
(2713, '2020-10-27', 610),
(2714, '2020-10-27', 619),
(2715, '2020-10-27', 635),
(2716, '2020-10-27', 641),
(2717, '2020-10-27', 644),
(2718, '2020-10-27', 645),
(2719, '2020-10-27', 664),
(2720, '2020-10-27', 696),
(2721, '2020-10-27', 698),
(2722, '2020-10-27', 71),
(2723, '2020-10-27', 721),
(2724, '2020-10-27', 731),
(2725, '2020-10-27', 811),
(2726, '2020-10-27', 86),
(2727, '2020-10-27', 871),
(2728, '2020-10-27', 924),
(2729, '2020-10-27', 980),
(2730, '2020-10-27', 196),
(2731, '2020-10-27', 388),
(2732, '2020-10-27', 831),
(2733, '2020-10-27', 1125),
(2734, '2020-10-27', 1112),
(2735, '2020-10-27', 1113),
(2736, '2020-10-27', 1091),
(2737, '2020-10-27', 1126),
(2738, '2020-10-27', 1127),
(2739, '2020-10-27', 70),
(2740, '2020-10-27', 581),
(2741, '2020-10-27', 1124),
(2742, '2020-10-27', 1116),
(2743, '2020-10-28', 1039),
(2744, '2020-10-28', 1040),
(2745, '2020-10-28', 1043),
(2746, '2020-10-28', 1044),
(2747, '2020-10-28', 1049),
(2748, '2020-10-28', 1050),
(2749, '2020-10-28', 1059),
(2750, '2020-10-28', 1065),
(2751, '2020-10-28', 1071),
(2752, '2020-10-28', 1078),
(2753, '2020-10-28', 1081),
(2754, '2020-10-28', 1084),
(2755, '2020-10-28', 1085),
(2756, '2020-10-28', 1107),
(2757, '2020-10-28', 1109),
(2758, '2020-10-28', 1113),
(2759, '2020-10-28', 1114),
(2760, '2020-10-28', 1116),
(2761, '2020-10-28', 1124),
(2762, '2020-10-28', 1125),
(2763, '2020-10-28', 199),
(2764, '2020-10-28', 212),
(2765, '2020-10-28', 234),
(2766, '2020-10-28', 236),
(2767, '2020-10-28', 254),
(2768, '2020-10-28', 260),
(2769, '2020-10-28', 262),
(2770, '2020-10-28', 282),
(2771, '2020-10-28', 284),
(2772, '2020-10-28', 286),
(2773, '2020-10-28', 305),
(2774, '2020-10-28', 309),
(2775, '2020-10-28', 323),
(2776, '2020-10-28', 342),
(2777, '2020-10-28', 345),
(2778, '2020-10-28', 355),
(2779, '2020-10-28', 389),
(2780, '2020-10-28', 396),
(2781, '2020-10-28', 399),
(2782, '2020-10-28', 419),
(2783, '2020-10-28', 420),
(2784, '2020-10-28', 44),
(2785, '2020-10-28', 462),
(2786, '2020-10-28', 491),
(2787, '2020-10-28', 492),
(2788, '2020-10-28', 550),
(2789, '2020-10-28', 552),
(2790, '2020-10-28', 555),
(2791, '2020-10-28', 570),
(2792, '2020-10-28', 577),
(2793, '2020-10-28', 581),
(2794, '2020-10-28', 583),
(2795, '2020-10-28', 586),
(2796, '2020-10-28', 635),
(2797, '2020-10-28', 641),
(2803, '2020-10-28', 698),
(2804, '2020-10-28', 70),
(2805, '2020-10-28', 700),
(2806, '2020-10-28', 71),
(2807, '2020-10-28', 710),
(2808, '2020-10-28', 717),
(2809, '2020-10-28', 721),
(2810, '2020-10-28', 726),
(2811, '2020-10-28', 731),
(2812, '2020-10-28', 811),
(2813, '2020-10-28', 86),
(2814, '2020-10-28', 871),
(2815, '2020-10-28', 924),
(2816, '2020-10-28', 980),
(2817, '2020-10-28', 388),
(2818, '2020-10-28', 1127),
(2819, '2020-10-28', 1126),
(2820, '2020-10-28', 1091),
(2833, '2020-10-23', 1112),
(2834, '2020-10-28', 696),
(2835, '2020-10-28', 664),
(2836, '2020-10-28', 645),
(2837, '2020-10-28', 644),
(2838, '2020-10-28', 642),
(2839, '2020-10-29', 1039),
(2840, '2020-10-29', 1040),
(2841, '2020-10-29', 1043),
(2842, '2020-10-29', 1044),
(2843, '2020-10-29', 1048),
(2844, '2020-10-29', 1049),
(2845, '2020-10-29', 1050),
(2846, '2020-10-29', 1051),
(2847, '2020-10-29', 1059),
(2848, '2020-10-29', 1065),
(2849, '2020-10-29', 1071),
(2850, '2020-10-29', 1078),
(2851, '2020-10-29', 1084),
(2852, '2020-10-29', 1085),
(2853, '2020-10-29', 1086),
(2854, '2020-10-29', 1092),
(2855, '2020-10-29', 1105),
(2856, '2020-10-29', 1107),
(2857, '2020-10-29', 1108),
(2858, '2020-10-29', 1109),
(2859, '2020-10-29', 1113),
(2860, '2020-10-29', 1114),
(2861, '2020-10-29', 1116),
(2862, '2020-10-29', 1124),
(2863, '2020-10-29', 1125),
(2864, '2020-10-29', 196),
(2865, '2020-10-29', 212),
(2866, '2020-10-29', 234),
(2867, '2020-10-29', 236),
(2868, '2020-10-29', 254),
(2869, '2020-10-29', 260),
(2870, '2020-10-29', 262),
(2871, '2020-10-29', 282),
(2872, '2020-10-29', 284),
(2873, '2020-10-29', 286),
(2874, '2020-10-29', 305),
(2875, '2020-10-29', 309),
(2876, '2020-10-29', 323),
(2877, '2020-10-29', 342),
(2878, '2020-10-29', 345),
(2879, '2020-10-29', 355),
(2880, '2020-10-29', 389),
(2881, '2020-10-29', 399),
(2882, '2020-10-29', 400),
(2883, '2020-10-29', 402),
(2884, '2020-10-29', 419),
(2885, '2020-10-29', 420),
(2886, '2020-10-29', 425),
(2887, '2020-10-29', 43),
(2888, '2020-10-29', 44),
(2889, '2020-10-29', 462),
(2890, '2020-10-29', 491),
(2891, '2020-10-29', 492),
(2892, '2020-10-29', 530),
(2893, '2020-10-29', 550),
(2894, '2020-10-29', 552),
(2895, '2020-10-29', 555),
(2896, '2020-10-29', 570),
(2897, '2020-10-29', 581),
(2898, '2020-10-29', 583),
(2899, '2020-10-29', 586),
(2900, '2020-10-29', 610),
(2901, '2020-10-29', 619),
(2902, '2020-10-29', 635),
(2903, '2020-10-29', 641),
(2904, '2020-10-29', 642),
(2905, '2020-10-29', 644),
(2906, '2020-10-29', 645),
(2907, '2020-10-29', 664),
(2908, '2020-10-29', 669),
(2909, '2020-10-29', 696),
(2910, '2020-10-29', 697),
(2911, '2020-10-29', 698),
(2912, '2020-10-29', 70),
(2913, '2020-10-29', 71),
(2914, '2020-10-29', 710),
(2915, '2020-10-29', 717),
(2916, '2020-10-29', 721),
(2917, '2020-10-29', 726),
(2918, '2020-10-29', 811),
(2919, '2020-10-29', 817),
(2920, '2020-10-29', 859),
(2921, '2020-10-29', 86),
(2922, '2020-10-29', 871),
(2923, '2020-10-29', 879),
(2924, '2020-10-29', 880),
(2925, '2020-10-29', 924),
(2926, '2020-10-29', 980),
(2927, '2020-10-29', 388),
(2928, '2020-10-29', 831),
(2929, '2020-10-29', 1126),
(2930, '2020-10-29', 1127),
(2931, '2020-10-29', 1091),
(2932, '0000-00-00', 0),
(2933, '2020-10-18', 483),
(2935, '2020-10-11', 196);

-- --------------------------------------------------------

--
-- Cấu trúc bảng cho bảng `bangchamcong`
--

CREATE TABLE `bangchamcong` (
  `ngay` date NOT NULL,
  `macongnhan` int(255) NOT NULL,
  `songaycong` int(255) NOT NULL,
  `nghicophep` int(255) NOT NULL,
  `nghikhongphep` int(255) NOT NULL
) ENGINE=InnoDB DEFAULT CHARSET=utf8mb4;

-- --------------------------------------------------------

--
-- Cấu trúc bảng cho bảng `bangluongchot`
--

CREATE TABLE `bangluongchot` (
  `id` int(255) NOT NULL,
  `ngay` date NOT NULL,
  `macongnhan` int(255) NOT NULL,
  `hovaten` varchar(255) NOT NULL,
  `bophan` int(20) NOT NULL,
  `ngaycong` int(10) NOT NULL,
  `chuyencan` int(10) NOT NULL,
  `baohiem` int(12) NOT NULL,
  `antrua` int(12) NOT NULL,
  `truphat` int(12) NOT NULL
) ENGINE=InnoDB DEFAULT CHARSET=utf8mb4;

--
-- Đang đổ dữ liệu cho bảng `bangluongchot`
--

INSERT INTO `bangluongchot` (`id`, `ngay`, `macongnhan`, `hovaten`, `bophan`, `ngaycong`, `chuyencan`, `baohiem`, `antrua`, `truphat`) VALUES
(1, '2020-10-01', 1, '', 0, 0, 0, 365000, 51000, 0),
(2, '2020-10-01', 196, 'Nguyễn Thị Thoa', 11, 0, 0, 365000, 442000, 0),
(3, '2020-10-01', 247, 'Nguyễn Lam Nhung', 7, 0, 0, 365000, 0, 0),
(4, '2020-10-01', 814, 'Nguyễn Thị Thùy Dương', 11, 0, 0, 365000, 0, 0),
(5, '2020-10-01', 337, 'Lê Thi Thùy', 15, 0, 0, 365000, 0, 0),
(6, '2020-10-01', 871, 'Trịnh Thị Dung', 14, 0, 0, 365000, 493000, 0),
(7, '2020-10-01', 212, 'Phạm Thị Hoa', 1, 0, 0, 365000, 493000, 0),
(8, '2020-10-01', 319, 'Lê Thị Lan', 3, 0, 0, 365000, 0, 0),
(9, '2020-10-01', 465, 'Đỗ Thị Thủy', 4, 0, 0, 365000, 0, 0),
(10, '2020-10-01', 15, 'Nguyễn Thị Oanh', 2, 0, 0, 365000, 0, 0),
(11, '2020-10-01', 34, '', 0, 0, 0, 365000, 0, 0),
(12, '2020-10-01', 70, 'Vũ Thị Giang', 1, 0, 0, 365000, 493000, 0),
(13, '2020-10-01', 121, '', 0, 0, 0, 365000, 51000, 0),
(14, '2020-10-01', 33, 'Hoàng Thị Danh', 3, 0, 0, 365000, 0, 0),
(15, '2020-10-01', 398, 'Vũ Thị Ly', 3, 0, 0, 365000, 0, 0),
(16, '2020-10-01', 45, 'Lê Thị Phượng', 2, 0, 0, 365000, 0, 0),
(17, '2020-10-01', 178, 'Phùng Thị Toàn', 3, 0, 0, 365000, 0, 0),
(18, '2020-10-01', 3, 'Hoàng T Phương Mai', 1, 0, 0, 365000, 17000, 0),
(19, '2020-10-01', 388, 'Nguyễn Thị Thơm', 12, 0, 0, 365000, 442000, 0),
(20, '2020-10-01', 794, 'Trịnh Thị Thúy', 2, 0, 0, 365000, 0, 0),
(21, '2020-10-01', 408, 'Nguyễn Thị Hiên', 4, 0, 0, 365000, 0, 0),
(22, '2020-10-01', 334, 'Lê Thị Vân Anh', 2, 0, 0, 365000, 68000, 0),
(23, '2020-10-01', 135, 'Nguyễn Thị Chung', 1, 0, 0, 365000, 0, 0),
(24, '2020-10-01', 599, '', 0, 0, 0, 365000, 0, 0),
(25, '2020-10-01', 568, 'Bùi Thị Thủy Tiên', 3, 0, 0, 365000, 0, 0),
(26, '2020-10-01', 632, '', 0, 0, 0, 365000, 0, 0),
(27, '2020-10-01', 430, 'Cao Thị Hoa', 3, 0, 0, 365000, 0, 0),
(28, '2020-10-01', 52, 'Lê Thị Lân', 1, 0, 0, 365000, 85000, 0),
(29, '2020-10-01', 363, 'Lường Thị Hằng', 2, 0, 0, 365000, 0, 0),
(30, '2020-10-01', 516, 'Nguyễn Thị Thủy', 1, 0, 0, 365000, 0, 0),
(31, '2020-10-01', 141, 'Nguyễn Thị Tuyến', 1, 0, 0, 365000, 0, 0),
(32, '2020-10-01', 349, 'Đỗ Thị Dung', 1, 0, 0, 365000, 0, 0),
(33, '2020-10-01', 17, 'Nguyễn Thị Qúy', 4, 0, 0, 365000, 0, 0),
(34, '2020-10-01', 389, 'Nguyễn Thị Ngọc', 12, 0, 0, 365000, 374000, 0),
(35, '2020-10-01', 685, 'Lê Thị Hồng Duyên', 2, 0, 0, 365000, 0, 0),
(36, '2020-10-01', 473, 'Lê Thị Phương', 1, 0, 0, 365000, 0, 0),
(37, '2020-10-01', 176, '', 0, 0, 0, 365000, 0, 0),
(38, '2020-10-01', 411, 'Trần Thị Kim Sang', 3, 0, 0, 365000, 51000, 0),
(39, '2020-10-01', 269, 'Trịnh Thị An', 2, 0, 0, 365000, 0, 0),
(40, '2020-10-01', 304, 'Trương Thị Nga', 1, 0, 0, 365000, 0, 0),
(41, '2020-10-01', 458, 'Lê Thị Tình', 3, 0, 0, 365000, 0, 0),
(42, '2020-10-01', 613, '', 0, 0, 0, 365000, 0, 0),
(43, '2020-10-01', 362, 'Nguyễn Thị Hằng', 2, 0, 0, 365000, 0, 0),
(44, '2020-10-01', 423, 'Vũ Thị Hồng', 4, 0, 0, 365000, 0, 0),
(45, '2020-10-01', 924, 'Lê Thị Lân', 1, 0, 0, 365000, 408000, 0),
(46, '2020-10-01', 664, 'Trịnh Thị Nga', 2, 0, 0, 365000, 170000, 0),
(47, '2020-10-01', 455, 'Lê Thị Thơ', 2, 0, 0, 365000, 0, 0),
(48, '2020-10-01', 53, 'Nguyễn Thị Chinh', 2, 0, 0, 365000, 0, 0),
(49, '2020-10-01', 476, 'Bùi Thị Hằng', 5, 0, 0, 365000, 0, 0),
(50, '2020-10-01', 13, 'Đỗ Thị Thương', 5, 0, 0, 365000, 17000, 0),
(51, '2020-10-01', 811, 'Lê Thị Ly', 4, 0, 0, 365000, 493000, 0),
(52, '2020-10-01', 831, 'Nguyễn Thị Thức', 12, 0, 0, 365000, 459000, 0),
(53, '2020-10-01', 948, 'Nguyễn Thị Uyên', 7, 0, 0, 365000, 0, 0),
(54, '2020-10-01', 854, 'Lê Thị Hiền', 4, 0, 0, 365000, 0, 0),
(55, '2020-10-01', 248, 'Nguyễn Thị Thủy', 3, 0, 0, 365000, 0, 0),
(56, '2020-10-01', 442, '', 0, 0, 0, 365000, 0, 0),
(57, '2020-10-01', 1001, 'Nguyễn Thị Na', 7, 0, 0, 365000, 0, 0),
(58, '2020-10-01', 851, 'Lê Trị Trang', 6, 0, 0, 365000, 0, 0),
(59, '2020-10-01', 596, 'Lê Thị Hạnh', 5, 0, 0, 365000, 0, 0),
(60, '2020-10-01', 9999, '', 0, 0, 0, 365000, 0, 0),
(61, '2020-10-01', 99999, '', 0, 0, 0, 365000, 0, 0),
(62, '2020-10-01', 86, 'Lê Huy Diện', 1, 0, 0, 365000, 459000, 0),
(63, '2020-10-01', 818, 'Lê Thị Dậu', 6, 0, 0, 365000, 0, 0),
(64, '2020-10-01', 214, '', 0, 0, 0, 365000, 0, 0),
(65, '2020-10-01', 331, '', 0, 0, 0, 365000, 0, 0),
(66, '2020-10-01', 1012, 'Nguyễn Thị Nhung', 11, 0, 0, 365000, 0, 0),
(67, '2020-10-01', 264, 'Bùi Thị Hường', 4, 0, 0, 365000, 0, 0),
(68, '2020-10-01', 245, 'Đặng Thị Vân', 6, 0, 0, 365000, 0, 0),
(69, '2020-10-01', 307, 'Lô Thị Ngọc', 8, 0, 0, 365000, 272000, 0),
(70, '2020-10-01', 81, 'Phạm Thị Lên', 1, 0, 0, 365000, 0, 0),
(71, '2020-10-01', 929, 'Trịnh Thị Liên', 7, 0, 0, 365000, 0, 0),
(72, '2020-10-01', 901, 'Nguyễn Thị Hiền', 5, 0, 0, 365000, 0, 0),
(73, '2020-10-01', 447, 'Hàn Thị Hiền', 9, 0, 0, 365000, 51000, 0),
(74, '2020-10-01', 260, 'Lê Thị Lan', 2, 0, 0, 365000, 459000, 0),
(75, '2020-10-01', 935, 'Lê Thị Huế', 6, 0, 0, 365000, 0, 0),
(76, '2020-10-01', 171, 'Hoàng Thị Thanh', 6, 0, 0, 365000, 0, 0),
(77, '2020-10-01', 407, '', 0, 0, 0, 365000, 0, 0),
(78, '2020-10-01', 323, 'Lê Chí Trung', 1, 0, 0, 365000, 510000, 0),
(79, '2020-10-01', 305, 'Cao Thị Oanh', 8, 0, 0, 365000, 459000, 0),
(80, '2020-10-01', 405, 'Nguyễn Thị Thường', 8, 0, 0, 365000, 0, 0),
(81, '2020-10-01', 341, '', 0, 0, 0, 365000, 0, 0),
(82, '2020-10-01', 444, 'Lê Thị Hường', 1, 0, 0, 365000, 0, 0),
(83, '2020-10-01', 414, 'Lê Thị Quỳnh', 9, 0, 0, 365000, 0, 0),
(84, '2020-10-01', 294, 'Lê Thị Tâm', 8, 0, 0, 365000, 0, 0),
(85, '2020-10-01', 390, 'Lê Thị Xâm', 9, 0, 0, 365000, 0, 0),
(86, '2020-10-01', 298, 'Trịnh Thị Anh', 8, 0, 0, 365000, 0, 0),
(87, '2020-10-01', 206, 'Cao Thị Duyên', 5, 0, 0, 365000, 0, 0),
(88, '2020-10-01', 394, 'Lê Thị Đạt', 9, 0, 0, 365000, 0, 0),
(89, '2020-10-01', 295, 'Vũ Thị Thu', 8, 0, 0, 365000, 0, 0),
(90, '2020-10-01', 580, 'Bùi Thị Phương', 8, 0, 0, 365000, 34000, 0),
(91, '2020-10-01', 1103, 'Nguyễn Thị Thanh', 11, 0, 0, 365000, 0, 0),
(92, '2020-10-01', 272, 'Nguyễn Thị vân', 14, 0, 0, 365000, 0, 0),
(93, '2020-10-01', 254, 'Trần Thị Thủy', 1, 0, 0, 365000, 442000, 0),
(94, '2020-10-01', 384, 'Thiều Thị Nhật', 3, 0, 0, 365000, 17000, 0),
(95, '2020-10-01', 425, 'Hoàng Thị Yến', 9, 0, 0, 365000, 187000, 0),
(96, '2020-10-01', 665, 'Đàm Thị Phương', 8, 0, 0, 365000, 0, 0),
(97, '2020-10-01', 428, 'Hoàng Thị Viên', 9, 0, 0, 365000, 0, 0),
(98, '2020-10-01', 2, '', 0, 0, 0, 0, 102000, 0),
(99, '2020-10-01', 43, 'Lê Thị Thu Hương', 1, 0, 0, 0, 408000, 0),
(100, '2020-10-01', 44, 'Nguyễn Vân Anh', 1, 0, 0, 0, 493000, 0),
(101, '2020-10-01', 60, 'Lê Huy Hoàng', 15, 0, 0, 0, 17000, 0),
(102, '2020-10-01', 71, 'Lê Thị Thủy', 1, 0, 0, 0, 136000, 0),
(103, '2020-10-01', 97, 'Hoàng Phương Linh', 5, 0, 0, 0, 323000, 0),
(104, '2020-10-01', 108, 'Lê Thị Hằng', 4, 0, 0, 0, 272000, 0),
(105, '2020-10-01', 124, 'Lê Thị Hiền', 6, 0, 0, 0, 17000, 0),
(106, '2020-10-01', 180, 'Lê Văn Hiếu', 5, 0, 0, 0, 51000, 0),
(107, '2020-10-01', 199, 'Lê Văn Tuấn', 1, 0, 0, 0, 459000, 0),
(108, '2020-10-01', 219, 'Nguyễn Thị Phương Nam', 2, 0, 0, 0, 34000, 0),
(109, '2020-10-01', 234, 'Nguyễn Bá Thanh', 13, 0, 0, 0, 476000, 0),
(110, '2020-10-01', 236, 'Nguyễn Thị Hòa', 4, 0, 0, 0, 459000, 0),
(111, '2020-10-01', 239, 'Phạm Thị Thương', 13, 0, 0, 0, 425000, 0),
(112, '2020-10-01', 240, '', 0, 0, 0, 0, 85000, 0),
(113, '2020-10-01', 262, 'Trần Văn Long', 5, 0, 0, 0, 476000, 0),
(114, '2020-10-01', 282, 'Lê Văn Vương', 6, 0, 0, 0, 459000, 0),
(115, '2020-10-01', 284, 'Đinh Quang Vinh', 15, 0, 0, 0, 476000, 0),
(116, '2020-10-01', 285, 'Lê Thị Nhung', 14, 0, 0, 0, 340000, 0),
(117, '2020-10-01', 286, 'Lê Thùy Vân', 8, 0, 0, 0, 510000, 0),
(118, '2020-10-01', 291, 'Vũ Thị Yên', 8, 0, 0, 0, 68000, 0),
(119, '2020-10-01', 300, 'Vũ Thị Tuyết', 1, 0, 0, 0, 51000, 0),
(120, '2020-10-01', 306, 'Hà Thị Duyên', 8, 0, 0, 0, 272000, 0),
(121, '2020-10-01', 309, 'Nguyễn Hữu Phú', 13, 0, 0, 0, 459000, 0),
(122, '2020-10-01', 317, 'Lê Thị Thắm', 8, 0, 0, 0, 17000, 0),
(123, '2020-10-01', 342, 'Lê Thị Dương', 8, 0, 0, 0, 476000, 0),
(124, '2020-10-01', 345, 'Đỗ Văn Thương', 15, 0, 0, 0, 442000, 0),
(125, '2020-10-01', 355, 'Lê Sỹ Phương', 1, 0, 0, 0, 442000, 0),
(126, '2020-10-01', 396, 'Nguyễn Thị Hường', 9, 0, 0, 0, 221000, 0),
(127, '2020-10-01', 399, 'Lê Thị Hoa', 4, 0, 0, 0, 493000, 0),
(128, '2020-10-01', 400, 'Lý Thị Yến', 9, 0, 0, 0, 51000, 0),
(129, '2020-10-01', 402, 'Lê Đình Trung', 9, 0, 0, 0, 34000, 0),
(130, '2020-10-01', 419, 'Thiều Thị Hà', 1, 0, 0, 0, 493000, 0),
(131, '2020-10-01', 420, 'Hàn Thị Phượng', 9, 0, 0, 0, 476000, 0),
(132, '2020-10-01', 421, 'Lê Thị Hương', 9, 0, 0, 0, 17000, 0),
(133, '2020-10-01', 462, 'Trần Văn Tài', 15, 0, 0, 0, 459000, 0),
(134, '2020-10-01', 477, 'Lê Đình Phương', 12, 0, 0, 0, 17000, 0),
(135, '2020-10-01', 483, 'Lê Thị Tình', 8, 0, 0, 0, 17000, 0),
(136, '2020-10-01', 491, 'Vũ Trọng Thuận', 8, 0, 0, 0, 459000, 0),
(137, '2020-10-01', 492, 'Lê Thị Phương', 8, 0, 0, 0, 442000, 0),
(138, '2020-10-01', 515, 'Lê Thị Vui', 8, 0, 0, 0, 17000, 0),
(139, '2020-10-01', 525, 'Lê Thị Tân', 5, 0, 0, 0, 408000, 0),
(140, '2020-10-01', 530, 'Lê Dũng Huy', 1, 0, 0, 0, 391000, 0),
(141, '2020-10-01', 531, 'Hoàng Thị Màu', 4, 0, 0, 0, 272000, 0),
(142, '2020-10-01', 550, 'Bùi Duy Sơn', 6, 0, 0, 0, 476000, 0),
(143, '2020-10-01', 552, 'Bùi Thị Hằng', 2, 0, 0, 0, 442000, 0),
(144, '2020-10-01', 555, 'Nguyễn Thị Linh', 6, 0, 0, 0, 459000, 0),
(145, '2020-10-01', 570, 'Lê Thị Thùy', 9, 0, 0, 0, 391000, 0),
(146, '2020-10-01', 571, 'Nguyễn Thị Nguyệt', 9, 0, 0, 0, 17000, 0),
(147, '2020-10-01', 572, 'Bùi Thị Bảy', 8, 0, 0, 0, 17000, 0),
(148, '2020-10-01', 577, 'Lê Đăng Hoàn', 1, 0, 0, 0, 476000, 0),
(149, '2020-10-01', 581, 'Nguyễn Văn Hồng', 1, 0, 0, 0, 493000, 0),
(150, '2020-10-01', 583, 'Nguyễn Văn Hồng', 12, 0, 0, 0, 493000, 0),
(151, '2020-10-01', 586, 'Mai Văn Đông', 15, 0, 0, 0, 459000, 0),
(152, '2020-10-01', 610, 'Nguyễn Thị Tuyết', 6, 0, 0, 0, 68000, 0),
(153, '2020-10-01', 619, 'Hoàng Thị Thinh', 10, 0, 0, 0, 476000, 0),
(154, '2020-10-01', 621, 'Đặng Thị Tình', 5, 0, 0, 0, 357000, 0),
(155, '2020-10-01', 635, 'Nguyễn Thị Hà', 10, 0, 0, 0, 425000, 0),
(156, '2020-10-01', 641, 'Trịnh Thị Thể', 1, 0, 0, 0, 493000, 0),
(157, '2020-10-01', 642, 'Đỗ Thị Lệ', 1, 0, 0, 0, 408000, 0),
(158, '2020-10-01', 643, 'Vi Thị Sen', 3, 0, 0, 0, 374000, 0),
(159, '2020-10-01', 644, 'Lê Đình Xuân', 4, 0, 0, 0, 493000, 0),
(160, '2020-10-01', 645, 'Trịnh Thị Trang', 4, 0, 0, 0, 493000, 0),
(161, '2020-10-01', 657, 'Trần Thị Hà', 6, 0, 0, 0, 170000, 0),
(162, '2020-10-01', 661, 'Nguyễn Thị Hà', 1, 0, 0, 0, 102000, 0),
(163, '2020-10-01', 667, 'Nguyễn Văn Tiến', 15, 0, 0, 0, 357000, 0),
(164, '2020-10-01', 669, 'Lê Văn Tuấn', 15, 0, 0, 0, 187000, 0),
(165, '2020-10-01', 673, 'Đỗ Thị Hoa', 8, 0, 0, 0, 17000, 0),
(166, '2020-10-01', 696, 'Đỗ Thị Thùy', 10, 0, 0, 0, 459000, 0),
(167, '2020-10-01', 697, 'Đỗ Thị Định', 10, 0, 0, 0, 221000, 0),
(168, '2020-10-01', 698, 'Quách Văn Anh', 10, 0, 0, 0, 459000, 0),
(169, '2020-10-01', 700, 'Nguyễn Thị Thơm', 10, 0, 0, 0, 357000, 0),
(170, '2020-10-01', 701, 'Nguyễn Thị Ly', 10, 0, 0, 0, 289000, 0),
(171, '2020-10-01', 710, 'Nguyễn Văn Thi', 13, 0, 0, 0, 340000, 0),
(172, '2020-10-01', 711, 'Ngô Thọ Cao', 10, 0, 0, 0, 238000, 0),
(173, '2020-10-01', 717, 'Lê Đức Giang', 13, 0, 0, 0, 153000, 0),
(174, '2020-10-01', 718, 'Lê Đình Toàn', 7, 0, 0, 0, 119000, 0),
(175, '2020-10-01', 721, 'Quách Văn Cầu', 1, 0, 0, 0, 510000, 0),
(176, '2020-10-01', 726, 'Lê Thị Bích Loan', 8, 0, 0, 0, 68000, 0),
(177, '2020-10-01', 731, 'Trịnh Thị Hòa', 2, 0, 0, 0, 289000, 0),
(178, '2020-10-01', 779, 'Nguyễn Thị Hiếu', 5, 0, 0, 0, 340000, 0),
(179, '2020-10-01', 817, 'Lê Thị Dung', 5, 0, 0, 0, 136000, 0),
(180, '2020-10-01', 828, 'Nguyễn Trường Trung', 1, 0, 0, 0, 17000, 0),
(181, '2020-10-01', 840, 'Lê Thị Mai', 6, 0, 0, 0, 17000, 0),
(182, '2020-10-01', 843, 'Lê Thị Hường', 5, 0, 0, 0, 102000, 0),
(183, '2020-10-01', 859, 'Trần Văn Tùng', 1, 0, 0, 0, 391000, 0),
(184, '2020-10-01', 879, 'Lê Thị Hà', 7, 0, 0, 0, 51000, 0),
(185, '2020-10-01', 880, 'Lê Thị Thủy', 7, 0, 0, 0, 51000, 0),
(186, '2020-10-01', 904, 'Lê Thị Nguyên', 3, 0, 0, 0, 136000, 0),
(187, '2020-10-01', 942, 'Nguyễn Hữu Long', 13, 0, 0, 0, 289000, 0),
(188, '2020-10-01', 980, 'Trần Thị Thủy', 5, 0, 0, 0, 476000, 0),
(189, '2020-10-01', 1009, 'Lê Thị Hải', 13, 0, 0, 0, 170000, 0),
(190, '2020-10-01', 1017, 'Lê Thị Hằng', 6, 0, 0, 0, 408000, 0),
(191, '2020-10-01', 1039, 'Lê Thị Hạnh', 10, 0, 0, 0, 459000, 0),
(192, '2020-10-01', 1040, 'Phạm Thị Nam', 10, 0, 0, 0, 459000, 0),
(193, '2020-10-01', 1043, 'Nguyễn Thị Dung', 8, 0, 0, 0, 476000, 0),
(194, '2020-10-01', 1044, 'Nguyễn Thị Lãm', 10, 0, 0, 0, 510000, 0),
(195, '2020-10-01', 1048, 'Ngô Thị Dung', 8, 0, 0, 0, 357000, 0),
(196, '2020-10-01', 1049, 'Nguyễn Thị Lan', 8, 0, 0, 0, 374000, 0),
(197, '2020-10-01', 1050, 'Lê Thị Vân', 8, 0, 0, 0, 459000, 0),
(198, '2020-10-01', 1051, 'Phạm Thị Dung', 8, 0, 0, 0, 459000, 0),
(199, '2020-10-01', 1058, 'Trịnh Ngọc Đức', 9, 0, 0, 0, 340000, 0),
(200, '2020-10-01', 1059, 'Bùi Văn Hiếu', 10, 0, 0, 0, 459000, 0),
(201, '2020-10-01', 1065, 'Nguyễn Thị Lan Anh', 10, 0, 0, 0, 459000, 0),
(202, '2020-10-01', 1067, 'Lô Thị Nhàn', 8, 0, 0, 0, 17000, 0),
(203, '2020-10-01', 1069, 'Nguyễn Thị Bình', 1, 0, 0, 0, 17000, 0),
(204, '2020-10-01', 1071, 'Đỗ Thị Xoan', 15, 0, 0, 0, 459000, 0),
(205, '2020-10-01', 1075, 'Lê Thị Oanh', 7, 0, 0, 0, 17000, 0),
(206, '2020-10-01', 1078, 'Huỳnh Thị Thanh Tâm', 5, 0, 0, 0, 459000, 0),
(207, '2020-10-01', 1079, 'Vũ Thị Nghĩa', 4, 0, 0, 0, 374000, 0),
(208, '2020-10-01', 1081, 'Ngô Đình Thoa', 15, 0, 0, 0, 357000, 0),
(209, '2020-10-01', 1084, 'Nguyễn Thị Phương', 14, 0, 0, 0, 493000, 0),
(210, '2020-10-01', 1085, 'Nguyễn Thị Lệ', 10, 0, 0, 0, 476000, 0),
(211, '2020-10-01', 1086, 'Lê Thị Nguyệt', 1, 0, 0, 0, 51000, 0),
(212, '2020-10-01', 1091, 'Nguyễn Thị Ngân', 1, 0, 0, 0, 476000, 0),
(213, '2020-10-01', 1092, 'Trần Thị Thùy', 5, 0, 0, 0, 425000, 0),
(214, '2020-10-01', 1105, 'Nguyễn Thị Hải', 10, 0, 0, 0, 51000, 0),
(215, '2020-10-01', 1107, 'Nguyễn Thị Phương', 8, 0, 0, 0, 306000, 0),
(216, '2020-10-01', 1108, 'Lê Văn Lưu', 13, 0, 0, 0, 272000, 0),
(217, '2020-10-01', 1109, 'Lê Văn Cường', 13, 0, 0, 0, 510000, 0),
(218, '2020-10-01', 1112, 'Nguyễn Thu Trang', 1, 0, 0, 0, 238000, 0),
(219, '2020-10-01', 1113, 'Lê Thị Hương', 6, 0, 0, 0, 408000, 0),
(220, '2020-10-01', 1114, 'Trần Thị Bình', 1, 0, 0, 0, 340000, 0),
(221, '2020-10-01', 1116, 'Bùi Thị Huệ', 10, 0, 0, 0, 391000, 0),
(222, '2020-10-01', 1118, 'Nguyễn Thị Quỳnh', 6, 0, 0, 0, 170000, 0),
(223, '2020-10-01', 1119, 'Lê Thị Thơ', 8, 0, 0, 0, 17000, 0),
(224, '2020-10-01', 1121, 'Bùi Thị Nga', 8, 0, 0, 0, 34000, 0),
(225, '2020-10-01', 1122, 'Lê Thị Thu', 8, 0, 0, 0, 17000, 0),
(226, '2020-10-01', 1124, 'Lê Thị Quỳnh', 12, 0, 0, 0, 170000, 0),
(227, '2020-10-01', 1125, 'Hoàng Ngọc Chí', 1, 0, 0, 0, 255000, 0),
(228, '2020-10-01', 1126, 'Nguyễn Thị Lâm Hường', 6, 0, 0, 0, 136000, 0),
(229, '2020-10-01', 1127, 'Lương Việt Thành', 13, 0, 0, 0, 102000, 0),
(230, '2020-10-01', 1129, 'Trần Thị Hiền', 4, 0, 0, 0, 17000, 0),
(261, '2020-10-01', 296, 'Vũ Thị Hưng', 8, 0, 0, 0, 0, 0),
(262, '2020-10-01', 336, 'Lê Thị Duyên', 8, 0, 0, 0, 0, 0),
(263, '2020-10-01', 338, 'Ngô Văn Tâm', 8, 0, 0, 0, 0, 0),
(264, '2020-10-01', 438, 'Lê Thị Xuân', 9, 0, 0, 0, 0, 0),
(265, '2020-10-01', 496, 'Trần Thị Thắm', 8, 0, 0, 0, 0, 0),
(266, '2020-10-01', 497, 'Nguyễn Thị Nga', 8, 0, 0, 0, 0, 0),
(267, '2020-10-01', 567, 'Bùi Thị Hà', 8, 0, 0, 0, 0, 0),
(268, '2020-10-01', 573, 'Lường Thị Tý', 8, 0, 0, 0, 0, 0),
(269, '2020-10-01', 578, 'Quang Thị Hiền', 8, 0, 0, 0, 0, 0),
(270, '2020-10-01', 1046, 'Lê Thị Vẽ', 8, 0, 0, 0, 0, 0),
(271, '2020-10-01', 1053, 'Lê Thị Hường', 8, 0, 0, 0, 0, 0),
(272, '2020-10-01', 1066, 'Nguyễn Thị Thảo', 8, 0, 0, 0, 0, 0),
(273, '2020-10-01', 1093, 'Lê Thị Chung', 8, 0, 0, 0, 0, 0),
(274, '2020-10-01', 1100, 'Nguyễn Thị Nhuần', 8, 0, 0, 0, 0, 0),
(275, '2020-10-01', 1123, 'Lê Sĩ Hoạt', 8, 0, 0, 0, 0, 0),
(276, '2020-10-01', 376, 'Hoàng Thị Ý', 9, 0, 0, 0, 0, 0),
(277, '2020-10-01', 378, 'Ngô Hồng Phong', 9, 0, 0, 0, 0, 0),
(278, '2020-10-01', 380, 'Ngô Trí Quyết', 9, 0, 0, 0, 0, 0),
(279, '2020-10-01', 395, 'Lê Thị Hà', 9, 0, 0, 0, 0, 0),
(280, '2020-10-01', 689, 'Trương Thị Thu Huyền', 9, 0, 0, 0, 0, 0),
(281, '2020-10-01', 1055, 'Phạm Phú Tình', 9, 0, 0, 0, 0, 0),
(282, '2020-10-01', 1056, 'Nguyễn Văn Tình', 9, 0, 0, 0, 0, 0),
(283, '2020-10-01', 456, 'Lê Thị Nhuận', 9, 0, 0, 0, 0, 0),
(284, '2020-10-01', 475, 'Lê Thị Ngân', 9, 0, 0, 0, 0, 0),
(285, '2020-10-01', 484, 'Lê Thị Huệ', 9, 0, 0, 0, 0, 0),
(286, '2020-10-01', 558, 'Lê Thị Thuyên', 9, 0, 0, 0, 0, 0),
(287, '2020-10-01', 561, 'Trần Thị Mai', 9, 0, 0, 0, 0, 0),
(288, '2020-10-01', 582, 'Nguyễn Thị Hà', 9, 0, 0, 0, 0, 0),
(289, '2020-10-01', 666, 'Nguyễn Thị Hợi', 9, 0, 0, 0, 0, 0),
(290, '2020-10-01', 1042, 'Vũ Thị Nghị', 9, 0, 0, 0, 0, 0),
(291, '2020-10-01', 1057, 'Ngô Thị Thanh', 9, 0, 0, 0, 0, 0),
(292, '2020-10-01', 1068, 'Lê Thị Hường', 9, 0, 0, 0, 0, 0),
(293, '2020-10-01', 1115, 'Lê Thị Mạnh', 9, 0, 0, 0, 0, 0),
(294, '2020-10-01', 548, 'Phạm Thị Huyền', 10, 0, 0, 0, 0, 0),
(295, '2020-10-01', 674, 'Lê Thị Hương', 10, 0, 0, 0, 0, 0),
(296, '2020-10-01', 675, 'Trần Thị Huyền', 10, 0, 0, 0, 0, 0),
(297, '2020-10-01', 676, 'Hoàng Thị Chung', 10, 0, 0, 0, 0, 0),
(298, '2020-10-01', 702, 'Nguyễn Thị Vân', 10, 0, 0, 0, 0, 0),
(299, '2020-10-01', 704, 'Nguyễn Thị Dung', 10, 0, 0, 0, 0, 0),
(300, '2020-10-01', 713, 'Trịnh Thị Bình', 10, 0, 0, 0, 0, 0),
(301, '2020-10-01', 1060, 'Bùi Thị Ngân', 10, 0, 0, 0, 0, 0),
(302, '2020-10-01', 1061, 'Nguyễn Xuân Dũng', 10, 0, 0, 0, 0, 0),
(303, '2020-10-01', 1064, 'Lê Thị Linh', 10, 0, 0, 0, 0, 0),
(304, '2020-10-01', 1072, 'Lê Quang Đạt', 10, 0, 0, 0, 0, 0),
(305, '2020-10-01', 1073, 'Nguyễn Thị Thúy', 10, 0, 0, 0, 0, 0),
(306, '2020-10-01', 1106, 'Nguyễn Thị Luyến', 10, 0, 0, 0, 0, 0),
(307, '2020-10-01', 1117, 'Lê Thị Nguyệt', 10, 0, 0, 0, 0, 0),
(308, '2020-10-01', 1120, 'Lê Thị Nhung', 10, 0, 0, 0, 0, 0),
(309, '2020-10-01', 526, 'Nguyễn Thị Ngọc', 12, 0, 0, 0, 0, 0),
(310, '2020-10-01', 1130, 'Nguyễn Thị Nga', 9, 0, 0, 0, 0, 0),
(311, '2020-10-01', 387, 'Phạm Thị Cúc', 9, 0, 0, 0, 0, 0),
(312, '2020-10-01', 1041, 'Nguyễn Thị Vân', 9, 0, 0, 0, 0, 0),
(313, '2020-10-01', 565, 'Vũ Thị Hòa', 12, 0, 0, 0, 0, 0),
(314, '2020-10-01', 741, 'Lê Thị Thu', 12, 0, 0, 0, 0, 0),
(315, '2020-10-01', 251, 'Nguyễn Trường Đức', 13, 0, 0, 0, 0, 0),
(316, '2020-10-01', 652, 'Nguyễn Thị Hà', 13, 0, 0, 0, 0, 0),
(317, '2020-10-01', 835, 'Trịnh Thị Tấm', 13, 0, 0, 0, 0, 0),
(318, '2020-10-01', 25, 'Nguyễn Thị Nga', 7, 0, 0, 0, 0, 0),
(319, '2020-10-01', 244, 'Bùi Thị Phượng', 7, 0, 0, 0, 0, 0),
(320, '2020-10-01', 274, 'Đặng Thị Thắm', 7, 0, 0, 0, 0, 0),
(321, '2020-10-01', 371, 'Nguyễn Thị Hoài', 7, 0, 0, 0, 0, 0),
(322, '2020-10-01', 379, 'Cao Thị Hường', 7, 0, 0, 0, 0, 0),
(323, '2020-10-01', 482, 'Lê Thị Liên', 7, 0, 0, 0, 0, 0),
(324, '2020-10-01', 498, 'Hoàng Thị Thịnh', 7, 0, 0, 0, 0, 0),
(325, '2020-10-01', 882, 'Đinh Thị Nga', 7, 0, 0, 0, 0, 0),
(326, '2020-10-01', 979, 'Lê Văn Quang', 7, 0, 0, 0, 0, 0),
(327, '2020-10-01', 995, 'Lê Thị Sáu', 7, 0, 0, 0, 0, 0),
(328, '2020-10-01', 1035, 'Lê Thị Chiên', 7, 0, 0, 0, 0, 0),
(329, '2020-10-01', 1036, 'Trương Thị Luyến', 7, 0, 0, 0, 0, 0),
(330, '2020-10-01', 1074, 'Nguyễn Thị Phương', 7, 0, 0, 0, 0, 0),
(331, '2020-10-01', 1076, 'Vi Thị nam', 7, 0, 0, 0, 0, 0),
(332, '2020-10-01', 1087, 'Vũ Thị Nguyệt', 7, 0, 0, 0, 0, 0),
(333, '2020-10-01', 1088, 'Lê Thị Phương', 7, 0, 0, 0, 0, 0),
(334, '2020-10-01', 1089, 'Cao Hạnh Linh', 7, 0, 0, 0, 0, 0),
(335, '2020-10-01', 1097, 'Phạm Lâm Anh', 7, 0, 0, 0, 0, 0),
(336, '2020-10-01', 1101, 'Đỗ Quang Khanh', 7, 0, 0, 0, 0, 0),
(337, '2020-10-01', 1111, 'Lê Thị vân', 7, 0, 0, 0, 0, 0),
(338, '2020-10-01', 1134, 'Vi Thị Hồng Phấn', 7, 0, 0, 0, 0, 0),
(339, '2020-10-01', 737, 'Trần Thị Đào', 1, 0, 0, 0, 0, 0),
(340, '2020-10-01', 253, 'Trần Văn Lâm', 13, 0, 0, 0, 0, 0),
(341, '2020-10-01', 806, 'Lê Thế Dũng', 13, 0, 0, 0, 0, 0),
(342, '2020-10-01', 975, 'Nguyễn Bá Cương', 13, 0, 0, 0, 0, 0),
(343, '2020-10-01', 1110, 'Lê Văn Hiếu', 13, 0, 0, 0, 0, 0),
(344, '2020-10-01', 356, 'Lê Đình Hiệu', 1, 0, 0, 0, 0, 0),
(345, '2020-10-01', 364, 'Lê Thị Huyền', 1, 0, 0, 0, 0, 0),
(346, '2020-10-01', 401, 'Trịnh Thị Hương', 1, 0, 0, 0, 0, 0),
(347, '2020-10-01', 640, 'Lê Thị Hà', 1, 0, 0, 0, 0, 0),
(348, '2020-10-01', 651, 'Nguyễn Thị Lụa', 1, 0, 0, 0, 0, 0),
(349, '2020-10-01', 1099, 'Hồ Thị Ngân', 1, 0, 0, 0, 0, 0),
(350, '2020-10-01', 1128, 'Lê Thị Quy', 1, 0, 0, 0, 0, 0);

-- --------------------------------------------------------

--
-- Cấu trúc bảng cho bảng `baohiem`
--

CREATE TABLE `baohiem` (
  `id` int(10) NOT NULL,
  `macongnhan` int(11) NOT NULL,
  `batdau` date NOT NULL,
  `ketthuc` date NOT NULL
) ENGINE=InnoDB DEFAULT CHARSET=utf8mb4;

--
-- Đang đổ dữ liệu cho bảng `baohiem`
--

INSERT INTO `baohiem` (`id`, `macongnhan`, `batdau`, `ketthuc`) VALUES
(1, 1, '2020-01-01', '9999-12-31'),
(2, 196, '2020-10-01', '9999-12-31'),
(3, 247, '2020-07-01', '9999-12-31'),
(4, 814, '2019-03-01', '9999-12-31'),
(5, 337, '2018-04-01', '9999-12-31'),
(6, 871, '2016-05-01', '9999-12-31'),
(7, 212, '2016-05-01', '9999-12-31'),
(8, 319, '2020-01-01', '9999-12-31'),
(9, 465, '2019-06-01', '9999-12-31'),
(10, 15, '2015-01-01', '9999-12-31'),
(11, 34, '2015-01-01', '9999-12-31'),
(12, 70, '2015-09-01', '9999-12-31'),
(13, 121, '2015-10-01', '9999-12-31'),
(14, 33, '2015-10-01', '9999-12-31'),
(15, 398, '2018-10-01', '9999-12-31'),
(16, 45, '2017-03-01', '9999-12-31'),
(17, 178, '2017-04-01', '9999-12-31'),
(18, 3, '2017-07-01', '9999-12-31'),
(19, 388, '2017-07-01', '9999-12-31'),
(20, 794, '2019-02-01', '9999-12-31'),
(21, 408, '2018-05-01', '9999-12-31'),
(22, 334, '2018-08-01', '9999-12-31'),
(23, 135, '2019-03-01', '9999-12-31'),
(24, 599, '2019-03-01', '9999-12-31'),
(25, 568, '2019-06-01', '9999-12-31'),
(26, 632, '2019-01-01', '9999-12-31'),
(27, 430, '2018-03-01', '9999-12-31'),
(28, 52, '2018-03-01', '9999-12-31'),
(29, 363, '2018-09-01', '9999-12-31'),
(30, 516, '2018-08-01', '9999-12-31'),
(31, 141, '2019-06-01', '9999-12-31'),
(32, 349, '2018-04-01', '9999-12-31'),
(33, 17, '2018-04-01', '9999-12-31'),
(34, 389, '2018-05-01', '9999-12-31'),
(35, 685, '2019-03-01', '9999-12-31'),
(36, 473, '2018-07-01', '9999-12-31'),
(37, 176, '2018-06-01', '9999-12-31'),
(38, 411, '2018-05-01', '9999-12-31'),
(39, 269, '2018-09-01', '9999-12-31'),
(40, 304, '2018-07-01', '9999-12-31'),
(41, 458, '2018-11-01', '9999-12-31'),
(42, 613, '2019-02-01', '9999-12-31'),
(43, 362, '2018-07-01', '9999-12-31'),
(44, 423, '2018-06-01', '9999-12-31'),
(45, 924, '2018-02-01', '9999-12-31'),
(46, 664, '2019-06-01', '9999-12-31'),
(47, 455, '2018-10-01', '9999-12-31'),
(48, 53, '2019-07-01', '9999-12-31'),
(49, 476, '2019-07-01', '9999-12-31'),
(50, 13, '2019-07-01', '9999-12-31'),
(51, 811, '2019-08-01', '9999-12-31'),
(52, 831, '2019-08-01', '9999-12-31'),
(53, 948, '2019-08-01', '9999-12-31'),
(54, 854, '2019-08-01', '9999-12-31'),
(55, 248, '2019-08-01', '9999-12-31'),
(56, 442, '2019-08-01', '9999-12-31'),
(57, 1001, '2019-08-01', '9999-12-31'),
(58, 851, '2019-09-01', '9999-12-31'),
(59, 596, '2019-10-01', '9999-12-31'),
(60, 9999, '2015-09-01', '9999-12-31'),
(61, 99999, '2019-10-01', '9999-12-31'),
(62, 86, '2020-01-01', '9999-12-31'),
(63, 818, '2020-01-01', '9999-12-31'),
(64, 214, '2020-01-01', '9999-12-31'),
(65, 331, '2020-02-01', '9999-12-31'),
(66, 1012, '2020-02-01', '9999-12-31'),
(67, 264, '2020-05-01', '9999-12-31'),
(68, 245, '2020-05-01', '9999-12-31'),
(69, 307, '2020-05-01', '9999-12-31'),
(70, 81, '2020-05-01', '9999-12-31'),
(71, 929, '2020-06-01', '9999-12-31'),
(72, 901, '2020-06-01', '9999-12-31'),
(73, 447, '2020-06-01', '9999-12-31'),
(74, 260, '2020-06-01', '9999-12-31'),
(75, 935, '2020-06-01', '9999-12-31'),
(76, 171, '2020-06-01', '9999-12-31'),
(77, 407, '2020-07-01', '9999-12-31'),
(78, 323, '2020-07-01', '9999-12-31'),
(79, 305, '2020-07-01', '9999-12-31'),
(80, 405, '2020-07-01', '9999-12-31'),
(81, 341, '2020-08-01', '9999-12-31'),
(82, 444, '2020-08-01', '9999-12-31'),
(83, 414, '2020-08-01', '9999-12-31'),
(84, 294, '2020-08-01', '9999-12-31'),
(85, 390, '2020-08-01', '9999-12-31'),
(86, 298, '2020-08-01', '9999-12-31'),
(87, 206, '2020-08-01', '9999-12-31'),
(88, 394, '2020-08-01', '9999-12-31'),
(89, 295, '2020-08-01', '9999-12-31'),
(90, 580, '2020-09-01', '9999-12-31'),
(91, 1103, '2020-09-01', '9999-12-31'),
(92, 272, '2020-09-01', '9999-12-31'),
(93, 254, '2020-09-01', '9999-12-31'),
(94, 384, '2020-09-01', '9999-12-31'),
(95, 425, '2020-10-01', '9999-12-31'),
(96, 665, '2020-10-01', '9999-12-31'),
(97, 428, '2020-10-01', '9999-12-31');

-- --------------------------------------------------------

--
-- Cấu trúc bảng cho bảng `bophan`
--

CREATE TABLE `bophan` (
  `id` int(10) NOT NULL,
  `bophan` varchar(255) NOT NULL,
  `ghichu` varchar(255) NOT NULL
) ENGINE=InnoDB DEFAULT CHARSET=utf8mb4;

--
-- Đang đổ dữ liệu cho bảng `bophan`
--

INSERT INTO `bophan` (`id`, `bophan`, `ghichu`) VALUES
(1, 'Chuyền 1', 'Chuyền 1'),
(2, 'Chuyền 2', 'Chuyền 2'),
(3, 'Chuyền 3', ''),
(4, 'Chuyền 4', ''),
(5, 'Chuyền 5', ''),
(6, 'Chuyền 6', ''),
(7, 'Chuyền 7', ''),
(8, 'Chuyền 8', ''),
(9, 'Chuyền 9', ''),
(10, 'Chuyền 10', ''),
(11, 'Văn phòng', ''),
(12, 'Kho', ''),
(13, 'Chuyên dùng', ''),
(14, 'Hỗ trợ', ''),
(15, 'Cắt', '');

-- --------------------------------------------------------

--
-- Cấu trúc bảng cho bảng `chotsanluong`
--

CREATE TABLE `chotsanluong` (
  `id` int(10) NOT NULL,
  `ngay` date NOT NULL,
  `bophan` varchar(255) NOT NULL,
  `mahang` varchar(255) NOT NULL,
  `sanluong` int(10) NOT NULL
) ENGINE=InnoDB DEFAULT CHARSET=utf8mb4;

--
-- Đang đổ dữ liệu cho bảng `chotsanluong`
--

INSERT INTO `chotsanluong` (`id`, `ngay`, `bophan`, `mahang`, `sanluong`) VALUES
(1, '2020-10-01', '8', '1', 3472200),
(2, '2020-10-01', '9', '1', 1816700),
(3, '2020-10-01', '10', '1', 2147598),
(4, '2020-10-01', '9', '6', 294210),
(5, '2020-10-01', '7', '5', 9500),
(6, '2020-10-01', '3', '5', 10700),
(7, '2020-10-01', '1', '5', 9530);

-- --------------------------------------------------------

--
-- Cấu trúc bảng cho bảng `congnhan`
--

CREATE TABLE `congnhan` (
  `id` int(10) NOT NULL,
  `macongnhan` int(10) NOT NULL,
  `hovaten` varchar(255) NOT NULL,
  `ngaysinh` date NOT NULL,
  `cmnd` varchar(255) NOT NULL,
  `ngaycap` date NOT NULL,
  `noicap` varchar(255) NOT NULL,
  `sodienthoai` varchar(255) NOT NULL,
  `bophan` int(10) NOT NULL,
  `diachi` varchar(255) NOT NULL,
  `thoigianvao` date NOT NULL,
  `danglamviec` int(2) NOT NULL
) ENGINE=InnoDB DEFAULT CHARSET=utf8mb4;

--
-- Đang đổ dữ liệu cho bảng `congnhan`
--

INSERT INTO `congnhan` (`id`, `macongnhan`, `hovaten`, `ngaysinh`, `cmnd`, `ngaycap`, `noicap`, `sodienthoai`, `bophan`, `diachi`, `thoigianvao`, `danglamviec`) VALUES
(1, 196, 'Nguyễn Thị Thoa', '1989-10-24', '172639450', '2005-06-04', 'Thanh Hóa', '378.749.970', 11, 'Đội 3, Hoàng Sơn, Nông Cống, Thanh Hóa', '2015-10-05', 1),
(2, 814, 'Nguyễn Thị Thùy Dương', '1993-10-12', '173257624', '2009-05-11', 'Thanh Hóa', '983330508', 11, 'Thôn 7 Bi Kiều,Trung Chính, Nông Cống Thanh Hóa', '2019-01-10', 1),
(3, 1012, 'Nguyễn Thị Nhung', '1995-02-27', '174904576', '2012-05-27', 'Thanh Hóa', '395870627', 11, 'Hoàng Sơn ,Nông Cống, Thanh Hóa', '2019-05-20', 1),
(4, 1103, 'Nguyễn Thị Thanh', '0000-00-00', '', '0000-00-00', '', '', 11, 'Hoàng Sơn', '2020-09-04', 1),
(5, 376, 'Hoàng Thị Ý', '1982-10-20', '\\\"038182008643', '2017-09-29', '', '978493859', 9, 'Tân Khang, Nông Cống, ThANH HÓA', '2020-05-29', 1),
(6, 378, 'Ngô Hồng Phong', '1999-05-23', '187826000', '2016-12-14', '', '899626267', 9, 'Nghệ An', '2020-05-26', 1),
(7, 380, 'Ngô Trí Quyết', '2004-10-14', '187996928', '2020-05-20', '', '921726128', 9, 'Diễn Kim, Diễn Châu, Nghệ An', '2020-05-26', 1),
(8, 387, 'Phạm Thị Cúc', '1981-11-09', '17404824', '2015-02-25', 'Thanh Hóa', '988661181', 9, 'Hoàng Sơn, Nông Cống, Thanh Hóa', '2020-06-01', 1),
(9, 390, 'Lê Thị Xâm', '1990-02-25', '38190014378', '2019-08-16', '', '394012635', 9, 'Thôn 6 xuân Du, Như Thanh , Thanh Hóa', '2020-06-01', 1),
(10, 394, 'Lê Thị Đạt', '1989-11-21', '173328927', '2007-02-23', '', '987136441', 9, 'Trường Minh', '2020-05-28', 1),
(11, 395, 'Lê Thị Hà', '1985-11-24', '\\\"038185016102', '2019-02-01', '', '978493859', 9, 'Thôn Tân Lai, Tân Khang, Nông Cống, Thanh Hóa', '2020-06-03', 1),
(12, 396, 'Nguyễn Thị Hường', '1991-06-02', '\\\"038191007748', '2019-11-20', '', '383064489', 9, 'Quãng Long , Quãng Xương, Thanh Hóa', '2020-05-29', 1),
(13, 400, 'Lý Thị Yến', '1987-01-15', '60808859', '2015-07-28', '', '372094112', 9, 'Tân Thọ( Minh Chuẩn, Lục Yên, Yên Bái', '2020-06-01', 1),
(14, 402, 'Lê Đình Trung', '1988-08-10', '173220977', '2011-12-02', '', '977169372', 9, 'Tân Thọ', '2020-06-01', 1),
(15, 414, 'Lê Thị Quỳnh', '1993-10-18', '174105976', '2011-03-31', '', '378347459', 9, 'Xuân Du Như Thanh', '2020-06-03', 1),
(16, 415, 'Nguyễn Văn Ngọc', '2002-01-02', '38202000669', '2017-05-04', '', '355945505', 9, 'Thăng Long', '2020-06-05', 1),
(17, 420, 'Hàn Thị Phượng', '1992-10-13', '38192003518', '2017-03-24', '', '978848748', 9, 'Quãng Văn,Quãng Long, Quãng Xương', '2020-06-03', 1),
(18, 421, 'Lê Thị Hương', '1992-05-21', '174100398', '2014-06-19', '', '965910852', 9, 'Tân Thọ( Phượng Nghi, Như Thanh)', '2020-06-05', 1),
(19, 425, 'Hoàng Thị Yến', '1995-01-27', '174107239', '2012-07-26', '', '373469858', 9, 'Xuân Du Như Thanh', '2020-06-05', 1),
(20, 428, 'Hoàng Thị Viên', '2000-12-12', '187825189', '2016-08-30', '', '356304531', 9, 'Diễn Bích,Diễn Châu, Nghệ An', '2020-06-04', 1),
(21, 438, 'Lê Thị Xuân', '1968-06-20', '172418579', '2013-07-03', 'Thanh Hóa', '947.615.105', 9, 'Tân Phúc', '2020-06-08', 1),
(22, 447, 'Hàn Thị Hiền', '1991-09-26', '173817449', '2011-10-19', '', '886755693', 9, 'Quãng Chính, Quãng Xương', '2020-06-02', 1),
(23, 456, 'Lê Thị Nhuận', '1968-08-12', '38168004029', '2018-04-17', 'Thanh Hóa', '15/06/2020', 9, 'Phú Quý Hoàng Sơn, Nông Cống, Thanh Hóa', '2020-06-15', 1),
(24, 475, 'Lê Thị Ngân', '1976-06-02', '171611049', '2009-09-23', 'Thanh Hóa', '985616398', 9, 'Thái hòa, Triệu Sơn', '2020-06-22', 1),
(25, 483, 'Lê Thị Tình', '1972-12-03', '173546775', '2008-07-24', '', '327250704', 8, 'Thái Hòa', '2020-06-26', 1),
(26, 484, 'Lê Thị Huệ', '1967-09-16', '173558166', '0000-00-00', '', '', 9, 'Triệu Sơn', '2020-06-24', 1),
(27, 558, 'Lê Thị Thuyên', '1971-04-04', '38171003134', '2017-07-25', '', '374174855', 9, 'Tế Thắng', '2020-06-26', 1),
(28, 561, 'Trần Thị Mai', '1967-02-20', '172600993', '2001-03-12', '', '705460422', 9, 'Tân Phúc', '2020-06-25', 1),
(29, 570, 'Lê Thị Thùy', '2003-09-12', '38303008157', '2019-08-06', '', '967737245', 9, 'Xuân Du', '2020-07-04', 1),
(30, 571, 'Nguyễn Thị Nguyệt', '1974-10-15', '38174000440', '2018-08-31', '', '862075992', 9, 'Thái Hòa, Triệu Sơn', '2020-06-26', 1),
(31, 582, 'Nguyễn Thị Hà', '1973-08-27', '172239160', '2007-06-03', '', '364689939', 9, 'Hoàng Sơn', '2020-06-05', 1),
(32, 666, 'Nguyễn Thị Hợi', '1972-02-20', '173821376', '2009-05-04', 'Thanh Hóa', '357289920', 9, 'Tân Ninh', '2020-08-03', 1),
(33, 689, 'Trương Thị Thu Huyền', '2002-02-15', '187949169', '2018-09-24', '', '332236952', 9, 'diễn kim, Diễn Châu, Nghệ An', '2020-10-08', 1),
(34, 1041, 'Nguyễn Thị Vân', '1966-06-20', '173532081', '2015-02-26', '', '332147280', 9, 'Thái Hòa Triệu Sơn', '2020-08-19', 1),
(35, 1042, 'Vũ Thị Nghị', '1963-02-20', '38163001278', '2016-09-23', '', '384185423', 9, 'Thái Hòa Triệu Sơn', '2020-08-19', 1),
(36, 1055, 'Phạm Phú Tình', '1999-08-28', '38099008534', '2017-01-16', '', '367709502', 9, 'Định Kim, Tân Phúc', '2020-08-17', 1),
(37, 1056, 'Nguyễn Văn Tình', '2002-06-02', '38202002864', '2018-01-05', '', '352179205', 9, 'Thôn 6 Trung Chính', '2020-08-28', 1),
(38, 1057, 'Ngô Thị Thanh', '2005-04-24', '188042525', '2020-08-10', 'Nghệ An', '34535308', 9, 'Diễm Kim Diễm Châu, Nghệ An', '2020-08-24', 1),
(39, 1058, 'Trịnh Ngọc Đức', '2020-02-06', '', '0000-00-00', '', '326929506', 9, 'Tế Thắng', '2020-08-17', 1),
(40, 1068, 'Lê Thị Hường', '1964-06-03', '171321427', '2009-10-06', '', '', 9, 'Tân Phúc', '2020-08-17', 1),
(41, 1070, 'Lê Quang Thế', '1975-04-20', '172401733', '2013-02-28', '', '335580748', 9, 'Trung Thành', '2020-08-25', 1),
(42, 1115, 'Lê Thị Mạnh', '0000-00-00', '', '0000-00-00', '', '327891855', 9, 'Hoàng Sơn', '2020-10-07', 1),
(43, 286, 'Lê Thùy Vân', '1994-10-01', '174147618', '2010-09-01', '', '357584586', 8, 'Trug Chính', '2020-05-14', 1),
(44, 291, 'Vũ Thị Yên', '1983-08-12', '172329454', '2014-07-11', 'Thanh Hóa', '386526617', 8, 'Thái Hòa, Triệu Sơn', '2020-05-02', 1),
(45, 294, 'Lê Thị Tâm', '1998-10-13', '174798213', '2014-09-27', '', '363753662', 8, 'Vân Sơn, Triệu sơn, Thanh Hóa', '2020-05-08', 1),
(46, 295, 'Vũ Thị Thu', '1983-04-20', '173890055', '2009-04-14', '', '857138808', 8, 'Đông Nam', '2020-04-27', 1),
(47, 296, 'Vũ Thị Hưng', '1974-04-08', '173504032', '2011-06-14', 'Thanh Hóa', '975528610', 8, 'Thái Hòa,Triệu Sơn, Thanh Hóa', '2020-05-05', 1),
(48, 298, 'Trịnh Thị Anh', '1996-06-02', '174249823', '2011-03-01', 'Thanh Hóa', '365144529', 8, 'Xuân Du', '2020-05-06', 1),
(49, 305, 'Cao Thị Oanh', '1993-09-15', '173257492', '2009-10-06', 'Thanh Hóa', '384053955', 8, 'Tế Thắng, Nông Cống, Thanh Hóa', '2020-05-11', 1),
(50, 307, 'Lô Thị Ngọc', '1999-05-27', '187662110', '2018-01-11', '', '866679202', 8, 'Tế Tân, Nông Cống, Thanh Hóa', '2020-05-07', 1),
(51, 317, 'Lê Thị Thắm', '1975-06-10', '\\\"038175004863', '2017-11-14', '', '', 8, 'Vân Sơn, Triệu sơn, Thanh Hóa', '2020-05-05', 1),
(52, 336, 'Lê Thị Duyên', '1979-06-03', '15179000249', '2019-05-13', '', '353028137', 8, 'Tân Ninh', '2020-05-21', 1),
(53, 338, 'Ngô Văn Tâm', '1999-12-10', '174914375', '2014-07-13', '', '328169824', 8, 'Trung Chính, Nông Cống, Thanh Hóa', '2020-04-29', 1),
(54, 339, 'Lê Qúy Thành', '1974-02-15', '\\\"038074009248', '2019-03-26', '', '', 8, 'Vân Sơn, Triệu sơn, Thanh Hóa', '2020-05-04', 1),
(55, 342, 'Lê Thị Dương', '1986-01-02', '38186018687', '2020-02-04', '', '828787725', 8, 'Tân Ninh', '2020-05-18', 1),
(56, 405, 'Nguyễn Thị Thường', '1981-09-28', '172122912', '2015-02-25', '', '384470314', 8, 'Quãng Long, Quãng Xương', '2020-06-04', 1),
(57, 491, 'Vũ Trọng Thuận', '1974-10-06', '173535241', '2007-07-04', '', '356780970', 8, 'Thái Hòa, Triệu Sơn', '2020-05-25', 1),
(58, 492, 'Lê Thị Phương', '0000-00-00', '', '0000-00-00', '', '984186612', 8, 'Vân Sơn, Triệu sơn, Thanh Hóa', '2020-05-24', 1),
(59, 496, 'Trần Thị Thắm', '0000-00-00', '', '2010-08-27', '', '979084166', 8, 'Đông Nam , Đông Sơn, Thanh Hóa', '2020-06-17', 1),
(60, 497, 'Nguyễn Thị Nga', '1979-10-05', '172322830', '2015-06-22', '', '368238428', 8, 'Nông Trường, Triệu Sơn', '1979-10-05', 1),
(61, 567, 'Bùi Thị Hà', '1978-10-08', '381178009788', '2019-11-27', '', '962252721', 8, 'Hoàng Sơn', '2020-07-03', 1),
(62, 572, 'Bùi Thị Bảy', '1973-09-10', '38173006349', '2018-07-27', '', '973925553', 8, 'Xuân Du', '2020-06-17', 1),
(63, 573, 'Lường Thị Tý', '1959-06-15', '171002221', '2015-04-04', '', '852599755', 8, 'Tân Phúc', '2020-07-03', 1),
(64, 578, 'Quang Thị Hiền', '1987-10-08', '174911109', '2013-10-12', '', '383932649', 8, 'Tân Phúc', '2020-07-07', 1),
(65, 580, 'Bùi Thị Phương', '1978-05-20', '38178003465', '2017-05-17', '', '399570118', 8, 'Đông Nam , Đông Sơn, Thanh Hóa', '2020-07-06', 1),
(66, 665, 'Đàm Thị Phương', '1993-01-16', '174903495', '2012-05-02', 'Thanh Hóa', '963337213', 8, 'Đông Nam , Đông Sơn, Thanh Hóa', '2020-08-01', 1),
(67, 673, 'Đỗ Thị Hoa', '1974-12-28', '173236463', '2007-01-27', '', '972838859', 8, 'Quãng Long, Quãng Xương', '2020-08-10', 1),
(68, 726, 'Lê Thị Bích Loan', '1999-08-14', '38199013461', '2017-11-28', 'Thanh Hóa', '3591364940', 8, 'Thị Trấn Nông Cống, Thanh Hóa', '2018-08-20', 1),
(69, 1043, 'Nguyễn Thị Dung', '1964-06-01', '38164003496', '2017-08-12', '', '338428245', 8, 'Tân Phúc', '2020-08-19', 1),
(70, 1046, 'Lê Thị Vẽ', '1979-03-10', '173243256', '2007-10-22', '', '364499590', 8, 'Trung Ý', '2020-08-21', 1),
(71, 1048, 'Ngô Thị Dung', '1996-02-13', '173895809', '2010-08-27', '', '964834031', 8, 'Đông Nam, Đông Sơn, Thanh Hóa', '2020-08-21', 1),
(72, 1049, 'Nguyễn Thị Lan', '1994-06-26', '173890104', '2014-02-24', '', '394116294', 8, 'Đông Nam', '2020-08-31', 1),
(73, 1050, 'Lê Thị Vân', '1992-11-20', '174141008', '2009-07-01', '', '396254293', 8, 'Tế Thắng', '2020-08-28', 1),
(74, 1051, 'Phạm Thị Dung', '1988-08-21', '38188005271', '2017-07-25', '', '398850779', 8, 'Tế Thắng', '2020-08-28', 1),
(75, 1053, 'Lê Thị Hường', '1993-03-09', '173895761', '2012-10-29', '', '866821449', 8, 'Mai Chữ, Đông Nam, Đông Sơn', '2020-08-17', 1),
(76, 1066, 'Nguyễn Thị Thảo', '1978-07-03', '38178004588', '2017-10-27', '', '363054978', 8, 'Tân Ninh', '2020-08-29', 1),
(77, 1067, 'Lô Thị Nhàn', '1986-01-13', '38186017238', '2019-09-11', '', '932163800', 8, 'Tân Ninh', '2020-08-29', 1),
(78, 1093, 'Lê Thị Chung', '0000-00-00', '', '0000-00-00', '', '967383176', 8, 'Tân Phúc', '2020-09-21', 1),
(79, 1100, 'Nguyễn Thị Nhuần', '0000-00-00', '', '0000-00-00', '', '338933837', 8, 'ThÔn 6, Tân Phúc, Nông Cống, Thanh Hóa', '2020-09-23', 1),
(80, 1107, 'Nguyễn Thị Phương', '0000-00-00', '', '0000-00-00', '', '348335627', 8, 'Đông Nam', '2020-09-29', 1),
(81, 1119, 'Lê Thị Thơ', '0000-00-00', '', '0000-00-00', '', '964826453', 8, 'Đông Nam', '2020-10-10', 1),
(82, 1121, 'Bùi Thị Nga', '0000-00-00', '', '0000-00-00', '', '', 8, 'Tân Thọ', '2020-10-15', 1),
(83, 1122, 'Lê Thị Thu', '0000-00-00', '', '0000-00-00', '', '37451455', 8, 'Triệu Sơn', '2020-10-19', 1),
(84, 1123, 'Lê Sĩ Hoạt', '1981-09-16', '172407770', '2012-09-27', '', '836894118', 8, 'tế Tân', '2020-10-19', 1),
(85, 25, 'Nguyễn Thị Nga', '2002-04-10', '38302006572', '2018-08-10', '', '352549740', 7, 'Hoàng Sơn, Nông Cống, Thanh Hóa', '2020-01-08', 1),
(86, 241, 'Đinh Thị Minh Phương', '1996-10-06', '142851154', '2015-04-27', 'Thanh Hóa', '378521996', 7, 'Hoàng Sơn, Nông Cống, Thanh Hóa', '2020-02-17', 1),
(87, 244, 'Bùi Thị Phượng', '1983-05-10', '151325463', '1997-09-02', 'Thái Bình', '0946,887,309', 7, 'Tế Thắng, Nông Cống,Thanh Hóa', '2015-10-17', 1),
(88, 247, 'Nguyễn Lam Nhung', '1991-12-20', '38191011150', '2019-03-25', '', '818169904', 7, 'Quãng Long, Quãng Xương', '2020-03-13', 1),
(89, 274, 'Đặng Thị Thắm', '1992-10-09', '173341306', '2007-08-21', '', '966.477.391', 7, 'Đông Thắng', '2020-03-30', 1),
(90, 292, 'Lê Xuân Sơn', '1996-03-22', '\\\"038096011400', '2020-02-26', 'Thanh Hóa', '363937075', 7, 'Thôn Đạt Tiến,Tế Nông, Nông Cống, Thanh Hóa', '2020-04-27', 1),
(91, 371, 'Nguyễn Thị Hoài', '1979-10-10', '38179010941', '2019-11-26', '', '349425993', 7, 'Hoàng Sơn, Nông Cống, Thanh Hóa', '2020-05-25', 1),
(92, 379, 'Cao Thị Hường', '1995-02-11', '174904969', '2012-07-02', 'Thanh Hóa', '1.676.818.852', 7, 'Thôn 3, Yên Mỗ, Hoàng Sơn', '2019-10-04', 1),
(93, 482, 'Lê Thị Liên', '1992-02-20', '173357959', '2009-10-26', '', '334861807', 7, 'Tân Phúc', '2020-06-22', 1),
(94, 498, 'Hoàng Thị Thịnh', '1992-12-22', '173249382', '2013-06-15', 'Thanh Hóa', '932323721', 7, 'Trung thành, nông cống', '2018-03-02', 1),
(95, 594, 'Nguyễn Thị Hiền', '1986-10-05', '172621454', '2003-04-26', 'Thanh Hóa', '363539648', 7, 'Tế Nông (Tế Lợi, Nông Cống, Thanh Hóa)', '2018-04-25', 1),
(96, 718, 'Lê Đình Toàn', '1996-06-11', '174149037', '2010-10-02', '', '862743650', 7, 'Tân Khang, Nông Cống, Thanh Hóa', '2020-04-14', 1),
(97, 879, 'Lê Thị Hà', '1999-04-10', '174915797', '2014-12-12', 'Thanh Hóa', '377331318', 7, 'Tế Thắng(Tân Phúc', '2019-02-27', 1),
(98, 880, 'Lê Thị Thủy', '1997-06-12', '174910530', '2013-09-04', 'Thanh Hóa', '365825514', 7, 'Tân Phúc, Nông Cống Thanh Hóa', '2019-02-27', 1),
(99, 882, 'Đinh Thị Nga', '1990-02-03', '38190006341', '2017-08-30', 'Thanh Hóa', '977557608', 7, 'Tế Độ, Tế Nông,Nông Cống, Thanh Hóa', '2019-02-25', 1),
(100, 929, 'Trịnh Thị Liên', '1993-03-16', '173247425', '2008-05-07', 'Thanh Hóa', '348305291', 7, 'Tân Thọ, Nông Cống, Thanh Hóa', '2019-03-18', 1),
(101, 948, 'Nguyễn Thị Uyên', '1988-10-04', '19188000331', '2016-12-22', 'Thanh Hóa', '396783965', 7, 'Bảo Lý, Phú Bình, Thái NguyÊn(Tân Khang, Nông Cống, Thanh Hóa', '2019-03-25', 1),
(102, 979, 'Lê Văn Quang', '1998-04-23', '174918437', '2015-09-28', 'Thanh Hóa', '372315980', 7, 'Tế Thắng', '2019-04-04', 1),
(103, 1001, 'Nguyễn Thị Na', '1993-01-28', '173251397', '2008-08-27', 'Thanh Hóa', '398056419', 7, 'Hoàng Giang', '2019-05-03', 1),
(104, 1035, 'Lê Thị Chiên', '1988-02-19', '38188011767', '2019-02-27', '', '971426265', 7, 'Giá Mai, Tế Thắng', '2020-08-15', 1),
(105, 1036, 'Trương Thị Luyến', '1997-12-20', '175005265', '2015-03-02', '', '383543733', 7, 'Thôn 2 Trung Thành, Nông Cống, Thanh Hóa(vạn xuân, thuồng xuân)', '2020-08-18', 1),
(106, 1074, 'Nguyễn Thị Phương', '0000-00-00', '', '0000-00-00', '', '971787596', 7, 'Đông Nam', '2020-08-27', 1),
(107, 1075, 'Lê Thị Oanh', '1986-10-10', '38186003036', '2016-11-10', '', '964114238', 7, 'Đông Nam, Đông Sơn, Thanh Hóa', '2020-09-08', 1),
(108, 1076, 'Vi Thị nam', '0000-00-00', '', '0000-00-00', '', '387765868', 7, 'Trung Chính', '2020-09-04', 1),
(109, 1087, 'Vũ Thị Nguyệt', '0000-00-00', '', '0000-00-00', '', '388491295', 7, 'Quãng Xương', '2020-09-18', 1),
(110, 1088, 'Lê Thị Phương', '1973-06-06', '38173006804', '2018-09-13', '', '', 7, 'Tân Phúc', '2020-09-11', 1),
(111, 1089, 'Cao Hạnh Linh', '1999-11-25', '38199004783', '2016-10-07', '', '373712646', 7, 'Trung Ý', '2020-09-14', 1),
(112, 1097, 'Phạm Lâm Anh', '0000-00-00', '', '0000-00-00', '', '387220166', 7, 'Hoàng Giang', '2020-09-15', 1),
(113, 1101, 'Đỗ Quang Khanh', '0000-00-00', '', '0000-00-00', '', '961541344', 7, 'Hoàng Sơn', '2020-09-21', 1),
(114, 1111, 'Lê Thị vân', '0000-00-00', '', '0000-00-00', '', '987497720', 7, 'Trung Chính', '2020-10-12', 1),
(115, 92, 'Nguyễn Thị Hằng', '2001-07-21', '38301013841', '2018-09-06', 'Thanh Hóa', '8329234502', 6, 'Trung Ý - Nông Cống', '2019-07-22', 1),
(116, 105, 'Lê Thị Chung', '1972-04-05', '172611093', '2002-06-11', '', '978722385', 6, 'Tân Phúc,', '2019-07-29', 1),
(117, 124, 'Lê Thị Hiền', '1984-11-08', '1728790077', '2013-05-27', '', '358757241', 6, 'Trung Chính', '2019-08-05', 1),
(118, 171, 'Hoàng Thị Thanh', '1987-01-01', '', '0000-00-00', '', '971639926', 6, 'Tân Ninh, Triệu Sơn, Thanh Hóa', '2019-09-06', 1),
(119, 245, 'Đặng Thị Vân', '1994-06-13', '174614534', '2012-10-12', 'Thanh Hóa', '338.157.026', 6, 'Thanh Hà, Thanh Sơn, Trung Chính, Nông Cống, Thanh Hóa', '2020-03-02', 1),
(120, 282, 'Lê Văn Vương', '0000-00-00', '', '0000-00-00', '', '969288122', 6, 'Tân Phúc', '2020-05-05', 1),
(121, 550, 'Bùi Duy Sơn', '0000-00-00', '', '0000-00-00', '', '976644012', 6, 'Quãng Xương', '2020-06-23', 1),
(122, 555, 'Nguyễn Thị Linh', '0000-00-00', '', '0000-00-00', '', '866029498', 6, 'Đông Sơn, Đông Phú', '2020-06-23', 1),
(123, 610, 'Nguyễn Thị Tuyết', '0000-00-00', '', '0000-00-00', '', '9688778742', 6, 'Thái Hòa, Triệu Sơn', '2020-07-10', 1),
(124, 616, 'Đinh Thị Tuyến', '1971-05-09', '38171000796', '2016-07-15', '', '395782465', 6, 'Xuân Du, Như Thanh', '2020-07-17', 1),
(125, 620, 'Nguyễn Thị Thủy', '0000-00-00', '', '0000-00-00', '', '989135106', 6, 'Trung Thành', '2020-07-21', 1),
(126, 657, 'Trần Thị Hà', '0000-00-00', '', '0000-00-00', '', '773396460', 6, 'đông Phú', '2020-07-28', 1),
(127, 659, 'Lê Thị Hương', '0000-00-00', '', '0000-00-00', '', '869231612', 6, 'Tân Phúc', '2020-07-27', 1),
(128, 707, 'Lê Thị Hoa', '1993-03-20', '174150588', '2011-02-10', '', '967202103', 6, 'Tế Thắng, Nông Cống, Thanh Hóa', '2018-08-11', 1),
(129, 708, 'Đỗ Thị Nhung', '1979-06-23', '38179006442', '2018-04-24', 'Thanh Hóa', '393773651', 6, 'Thôn 4B, TÊs Thắng, Nông Cống, Thanh Hóa', '2018-08-15', 1),
(130, 724, 'Nguyễn Thị Thắm', '1990-02-06', '173244048', '2007-12-04', '', '399809025', 6, 'Trường Trung, Nông Cống, Thanh Hóa', '2018-08-15', 1),
(131, 739, 'Lê Thị Tâm', '1976-09-14', '1724088002', '2014-10-13', 'Thanh Hóa', '986130178', 6, 'Trung Ý', '2018-10-06', 1),
(132, 802, 'Lê Thị Kim', '1978-10-05', '173237247', '2007-03-02', 'Thanh Hóa', '396587377', 6, 'Trung Thành, Nông Cống, Thanh Hóa', '2018-12-04', 1),
(133, 815, 'Lê Thị Thảo', '1988-03-17', '172628627', '2008-08-07', 'Thanh Hóa', '916582163', 6, 'Trung Chính', '2019-02-15', 1),
(134, 818, 'Lê Thị Dậu', '1982-02-10', '172415350', '2007-09-21', '', '859591544', 6, 'Tân Phúc', '2019-02-15', 1),
(135, 840, 'Lê Thị Mai', '1981-06-06', '174152831', '2011-05-27', 'Thanh Hóa', '362704094', 6, 'Tân Phúc', '2019-02-15', 1),
(136, 851, 'Lê Trị Trang', '1993-12-28', '174141645(3824555954)', '2009-12-11', '', '979691708', 6, 'Tân Khang', '2019-02-20', 1),
(137, 935, 'Lê Thị Huế', '1981-06-20', '38181004828', '2019-06-06', 'Thanh Hóa', '356906728', 6, 'Trung Chính, Nông Cống, Thanh Hóa', '2019-03-18', 1),
(138, 1017, 'Lê Thị Hằng', '2004-01-18', '38304004205', '2019-12-26', 'Thanh Hóa', '963934135', 6, 'Hoàng Sơn ,Nông Cống, Thanh Hóa', '2019-05-27', 1),
(139, 1113, 'Lê Thị Hương', '0000-00-00', '', '0000-00-00', '', '326698439', 6, 'Tân ninh', '2020-10-05', 1),
(140, 1118, 'Nguyễn Thị Quỳnh', '0000-00-00', '', '0000-00-00', '', '966875298', 6, 'Đông Quang', '2020-10-07', 1),
(141, 13, 'Đỗ Thị Thương', '2001-01-21', '38301002366', '2017-02-17', '', '969353895', 5, 'Tân Khang', '2019-06-20', 1),
(142, 29, 'Nguyễn Thị Dung', '1980-08-19', '172638608', '2005-06-04', '', '399895717', 5, 'Hoàng Sơn', '2019-06-26', 1),
(143, 31, 'Trương Thị Luyến', '1995-06-02', '187423505', '2012-02-01', '', '3489546397', 5, 'Tế Tân( NGHỆ AN)', '2019-07-01', 1),
(144, 97, 'Hoàng Phương Linh', '1997-01-01', '', '0000-00-00', '', '397292586', 5, 'Trung Ý - Nông Cống', '2020-09-14', 1),
(145, 173, 'Hoàng Thị Nga', '1990-06-22', '173536743', '2007-08-29', '', '968337416', 5, 'Tân Ninh, Triệu Sơn, Thanh Hóa', '2019-09-06', 1),
(146, 180, 'Lê Văn Hiếu', '2003-07-10', '', '0000-00-00', '', '963794870', 5, 'Trung Chính', '2019-09-04', 1),
(147, 206, 'Cao Thị Duyên', '1988-02-25', '38188006597', '2017-12-22', 'Thanh Hóa', '978929325', 5, 'Tế Thắng', '2019-10-27', 1),
(148, 262, 'Trần Văn Long', '0000-00-00', '', '0000-00-00', 'Thanh Hóa', '347128266', 5, 'Thôn 9, Tế Thắng, Nông Cống', '2020-04-14', 1),
(149, 476, 'Bùi Thị Hằng', '1991-08-08', '173240172', '2008-01-03', 'Thanh Hóa', '399788968', 5, 'Trung ý Nông Cống', '2018-02-01', 1),
(150, 495, 'Nguyễn Thị Hoa', '1972-10-10', '173245958', '2018-03-07', 'Thanh Hóa', '1693171553', 5, 'Thôn 5 Trung Ý', '2018-03-01', 1),
(151, 518, 'Đỗ Thị Thoa', '1994-07-13', '174153142', '2011-06-19', '', '979014531', 5, 'thôn 6 hồi cù hoàng sơn( Tế Thắng0', '2020-02-02', 1),
(152, 525, 'Lê Thị Tân', '1985-04-17', '172602711', '2001-03-25', 'Thanh Hóa', '9646473805', 5, 'Đội 1 Yên cách Tế thắng', '2018-12-03', 1),
(153, 596, 'Lê Thị Hạnh', '1976-07-07', '172402711', '2014-10-21', 'Thanh Hóa', '948481700', 5, 'Tân Khang Nông Cống', '2018-04-24', 1),
(154, 609, 'Vũ Thị Loan', '1981-02-09', '172400596', '1998-04-02', 'Thanh Hóa', '1669789329', 5, 'Đội 5 Trung Chính Nông Cống', '2018-05-08', 1),
(155, 621, 'Đặng Thị Tình', '1981-07-06', '174783048', '2013-03-07', '', '966186834', 5, 'Đồng Lợi Triệu Sơn', '2020-04-18', 1),
(156, 779, 'Nguyễn Thị Hiếu', '1982-07-05', '38182009088', '2017-11-09', 'Thanh Hóa', '346734972', 5, 'Thôn 7, Tế Tân, Nông Cống, Thanh Hóa', '2018-10-01', 1),
(157, 807, 'Lê Thị Quỳnh', '0000-00-00', '', '0000-00-00', '', '376738444', 5, 'Tế Thắng ,Nông Cống , Thanh Hóa', '2020-02-01', 1),
(158, 817, 'Lê Thị Dung', '1993-04-15', '174150721', '2012-09-28', 'Thanh Hóa', '859620669', 5, 'Tân Khang, Nông Cống, Thanh Hóa', '2020-09-14', 1),
(159, 843, 'Lê Thị Hường', '2001-03-14', '38301001777', '2001-03-14', 'Thanh Hóa', '966899497', 5, 'Tân Phúc', '2020-09-01', 1),
(160, 901, 'Nguyễn Thị Hiền', '1986-02-20', '172621773', '2013-08-28', 'Thanh Hóa', '385969410', 5, 'Tế Tân, Nông Cống, Thah Hóa', '2019-03-06', 1),
(161, 980, 'Trần Thị Thủy', '1981-06-02', '38181000864', '2016-04-26', 'Thanh Hóa', '766281579', 5, 'Tân Thọ', '2019-04-08', 1),
(162, 1078, 'Huỳnh Thị Thanh Tâm', '1989-06-02', '241022150', '2005-05-28', 'ĐĂK LĂK', '366846245', 5, 'Tân Phúc', '2020-09-10', 1),
(163, 1092, 'Trần Thị Thùy', '0000-00-00', '', '0000-00-00', '', '979470908', 5, 'Tế Lợi', '2020-09-15', 1),
(164, 1098, 'Phạm Thị Hằng', '0000-00-00', '', '0000-00-00', '', '971356036', 5, 'Tân Phúc', '2020-09-09', 1),
(165, 17, 'Nguyễn Thị Qúy', '1982-09-07', '174145543', '2010-05-17', 'Thanh Hóa', '1.659.589.198', 4, 'Trung Thành', '2016-09-15', 1),
(166, 108, 'Lê Thị Hằng', '1985-08-11', '172480026(038185018918)', '2004-02-17', '', '365582195', 4, 'Trung Thành, Nông Cống, Thanh Hóa', '2019-07-29', 1),
(167, 136, 'Lê Văn Luận', '1987-02-05', '173228070', '2006-07-07', 'Thanh Hóa', '9.845.266.051', 4, 'Tế Thắng, Nông Cống ,Thanh Hóa', '2014-11-05', 1),
(168, 149, 'Nguyễn Thị Lan', '1975-12-30', '173253113', '2009-09-05', '', '974595356', 4, 'Trung Chính', '2019-08-15', 1),
(169, 235, 'Lê Thị Định', '1979-07-28', '172639579', '2005-06-06', '', '329019795', 4, 'Hoang Sơn, Nông Cống, Thanh Hóa', '2020-02-17', 1),
(170, 236, 'Nguyễn Thị Hòa', '1987-09-10', '38187017146', '2019-10-25', 'Thanh Hóa', '393218458', 4, 'Thôn 2 ,Tân Phúc, Nông Cống, Thanh Hóa', '2020-02-11', 1),
(171, 264, 'Bùi Thị Hường', '1992-01-09', '173113014', '2007-07-10', 'Thanh Hóa', '989.234.627', 4, 'Quãng Long, Quãng Xương', '2020-04-23', 1),
(172, 344, 'Trần Thị Thu', '0000-00-00', '', '0000-00-00', '', '339199698', 4, 'Hoàng Giang', '2020-05-20', 1),
(173, 358, 'Lê Thị Thúy', '1987-04-20', '172637995', '2005-03-07', 'Thanh Hóa', '1.633.922.642', 4, 'thanh liêm Hoàng Sơn, Nông Cống, Thanh Hóa', '2017-03-17', 1),
(174, 399, 'Lê Thị Hoa', '1991-11-09', '173236518', '2017-01-27', 'Thanh Hóa', '1.654.253.054', 4, 'tân khang - nông cống', '2017-06-29', 1),
(175, 408, 'Nguyễn Thị Hiên', '1988-06-10', '173040041', '2010-05-10', 'Thanh Hóa', '1.636.992.235', 4, 'Tân Phúc', '2017-07-26', 1),
(176, 423, 'Vũ Thị Hồng', '1977-10-26', '171612664', '2012-09-17', 'Thanh Hóa', '1.693.460.123', 4, 'Hồi Cù, Hoàng Sơn,(Trung Ý, Nông Cống, Thanh Hóa)', '2017-08-13', 1),
(177, 450, 'Lê Thị Hòa', '1976-02-08', '38176005967', '2019-02-28', 'Thanh Hóa', '971.952.136', 4, 'Trung Ý - Nông Cống, Thanh Hóa', '2017-11-14', 1),
(178, 465, 'Đỗ Thị Thủy', '1989-09-21', '173221272', '2005-08-18', 'Thanh Hóa', '1.689.873.626', 4, 'TếTân, Nông Cống, Thanh Hóa', '2018-01-15', 1),
(179, 474, 'Vũ Thị Phương', '1995-10-24', '174147581', '2015-05-04', '', '377392872', 4, 'Nông Trường, Triệu Sơn', '2020-06-26', 1),
(180, 529, 'Vũ Thị Nga', '1982-11-15', '38182003692', '2019-10-07', '', '399303562', 4, 'Thái Hòa Triệu sơn', '2020-07-02', 1),
(181, 531, 'Hoàng Thị Màu', '0000-00-00', '', '0000-00-00', '', '329662397', 4, 'Tân Phúc', '2020-07-03', 1),
(182, 628, 'Đào Thị Dung', '1983-03-16', '174911043', '2013-10-28', '', '1688158517', 4, 'Đội 9 tân Khang', '2018-05-30', 1),
(183, 644, 'Lê Đình Xuân', '0000-00-00', '', '0000-00-00', '', '988964872', 4, 'Tế Thắng', '2020-07-20', 1),
(184, 645, 'Trịnh Thị Trang', '0000-00-00', '', '0000-00-00', '', '962123825', 4, 'Tế Thắng', '2020-07-20', 1),
(185, 649, 'Lê Thị Long', '1976-06-20', '173256025', '2009-06-14', 'Thanh Hóa', '1689256766', 4, 'thôn 1 nhâm cát hoàng sơn', '2019-03-13', 1),
(186, 765, 'Lê Thị Thu', '1991-07-13', '173251336', '2012-07-02', 'Thanh Hóa', '352511347', 4, 'Trung Thành, Nông Cống, Thanh Hóa', '2018-09-25', 1),
(187, 811, 'Lê Thị Ly', '1990-11-24', '173239236', '2014-12-26', 'Thanh Hóa', '365102585', 4, 'Hoàng Sơn', '2018-12-01', 1),
(188, 854, 'Lê Thị Hiền', '1990-11-12', '174146859', '2011-05-25', 'Thanh Hóa', '961309009', 4, 'Trung Chính', '2019-02-18', 1),
(189, 898, 'Bùi Thi Quyên', '1990-07-29', '38190009312', '2018-06-06', 'Thanh Hóa', '396949230', 4, 'Thôn 6 Trung Ý', '2019-03-01', 1),
(190, 1033, 'Lê Thị Luân', '0000-00-00', '', '0000-00-00', '', '948482155', 4, 'Tế Nông', '2020-08-21', 1),
(191, 1079, 'Vũ Thị Nghĩa', '1995-04-10', '174717001', '2013-10-19', '', '383904566', 4, 'Quãng Xương', '2020-09-09', 1),
(192, 1102, 'Bùi Thị Oanh', '0000-00-00', '', '0000-00-00', '', '', 4, 'Hoàng Sơn', '2020-09-14', 1),
(193, 1104, 'Trương Thị Lanh', '1989-02-03', '186474529', '2004-09-15', 'Nghệ An', '386851389', 4, 'Tế Tân', '2020-10-01', 1),
(194, 33, 'Hoàng Thị Danh', '1987-05-19', '174915112', '2014-08-20', 'Thanh Hóa', '985.193.017', 3, 'Thôn 9, Tế Thắng, Nông Cống', '2014-06-25', 1),
(195, 178, 'Phùng Thị Toàn', '1987-10-07', '172630775', '2004-07-14', 'Thanh Hóa', '1.696.219.512', 3, 'Thôn 9, Hoàng sơn, Nông Cống, Thanh Hóa', '2015-06-20', 1),
(196, 248, 'Nguyễn Thị Thủy', '1995-08-21', '174152277', '2011-03-10', 'Thanh Hóa', '01626,161,651', 3, 'Tế Thắng ,Nông Cống , Thanh Hóa', '2016-02-23', 1),
(197, 273, 'Hoàng Thị Liên', '1977-03-23', '171836339', '2014-04-06', 'Thanh Hóa', '01649,501,175', 3, 'Tế Thắng ,Nông Cống , Thanh Hóa', '2016-05-02', 1),
(198, 293, 'Nguyễn Văn Vũ', '2004-03-10', '\\\"038204003433', '0000-00-00', '', '346786114', 3, 'Tế Tân, Nông Cống, Thanh Hóa', '2020-04-27', 1),
(199, 313, 'Đỗ Thị Phương', '1973-08-07', '171679243', '2012-09-18', 'Thanh Hóa', '01659,882,458', 3, 'Thôn 3 Trung Thành, Nông Cống, Thanh Hóa', '2016-09-04', 1),
(200, 319, 'Lê Thị Lan', '1992-12-08', '173258572', '2009-11-18', 'Thanh Hóa', '941.973.719', 3, 'Thôn 2b, Tế Thắng, Nông Cống, Thanh Hóa', '2016-08-13', 1),
(201, 360, 'Nguyễn Thị Huệ', '1991-11-16', '38191001296', '2016-06-22', 'Thanh Hóa', '1.662.067.399', 3, 'Trung Thành, Nông Cống', '2017-02-17', 1),
(202, 384, 'Thiều Thị Nhật', '1988-10-13', '173003835', '2014-07-13', 'Thanh Hóa', '1.689.115.824', 3, 'Trung Chính, Nông Cống, Thanh Hóa', '2017-06-03', 1),
(203, 398, 'Vũ Thị Ly', '1994-08-10', '174149949', '2010-12-06', 'Thanh Hóa', '979.127.941', 3, 'Xóm 8, Nga Trung, Nga Sơn, Thanh Hóa', '2017-06-26', 1),
(204, 411, 'Trần Thị Kim Sang', '1990-11-02', '174912502', '2014-01-20', 'Thanh Hóa', '1.629.591.270', 3, 'Tống Sở, Trung Chính, Nông Cống, Thanh Hóa', '2017-07-07', 1),
(205, 430, 'Cao Thị Hoa', '1990-03-06', '173505223', '2007-11-08', 'Thanh Hóa', '1.234.344.722', 3, 'Thôn 6, Trung Ý, Nông Cống, Thanh Hóa', '2017-09-29', 1),
(206, 458, 'Lê Thị Tình', '1995-03-25', '38195001837', '2017-11-01', 'Thanh Hóa', '1.668.356.902', 3, 'Tế Thắng, Nông Cống, Thanh Hóa', '2019-04-01', 1),
(207, 468, 'Lương Thị Hương', '1988-07-20', '172481865', '2005-10-04', 'Thanh Hóa', '932.410.111', 3, 'Thôn 3 Côn Sơn Trung Thành Nông Cống', '2018-02-23', 1),
(208, 499, 'Trần Thị Tĩnh', '1989-05-10', '173040120', '2014-08-15', 'Thanh Hóa', '1632695862', 3, 'thôn 5, trung thành, NC', '2018-03-02', 1),
(209, 503, 'Đinh Thị yến', '1997-03-30', '241555241', '2012-02-27', 'Đắc Lắc', '968185270', 3, 'Trung Chính Nông Cống, Thanh Hóa', '2018-03-03', 1),
(210, 538, 'Trần Thị Sinh', '1993-02-28', '173257549', '2009-09-12', '', '339813646', 3, 'Đồng Tiến', '2020-07-01', 1),
(211, 568, 'Bùi Thị Thủy Tiên', '1990-09-11', '173244086', '2007-05-12', 'Thanh Hóa', '978.320.068', 3, 'Hoàng Sơn , nNông Cống, Thanh Hóa', '2019-02-02', 1),
(212, 576, 'Nguyễn Thị Huyền', '1990-01-12', '173243821', '2011-07-21', 'Thanh Hóa', '967086693', 3, 'Thôn 1, Hoàng Giang, Nông Cống, Thanh Hóa', '2018-04-09', 1),
(213, 597, 'Ngọ Thị Giang', '1991-10-26', '173251320', '2008-08-22', 'Thanh Hóa', '378068326', 3, 'Tân Thọ', '2018-05-02', 1),
(214, 643, 'Vi Thị Sen', '1989-10-02', '186616557', '2014-03-24', 'Nghệ An', '966944473', 3, 'Tế Tân', '2020-07-22', 1),
(215, 654, 'Lê Thị Mười', '0000-00-00', '', '0000-00-00', '', '364278938', 3, 'Hoàng Sơn, Nông Cống, Thanh Hóa', '2020-07-01', 1),
(216, 856, 'Nguyễn Thị Thoa', '1986-02-21', '38186002231', '2016-08-29', 'Thanh Hóa', '', 3, 'Hoàng Sơn, Nông Cống, Thanh Hóa', '2019-02-23', 1),
(217, 904, 'Lê Thị Nguyên', '1988-02-15', '173223475', '2005-11-18', 'Thanh Hóa', '353435180', 3, 'Trung Thành', '2019-03-05', 1),
(218, 927, 'Nguyễn Thị Ngoan', '1992-01-01', '', '0000-00-00', 'Thanh Hóa', '813039778', 3, 'Tân Khang, Nông Cống, Thanh Hóa', '2020-07-14', 1),
(219, 1080, 'Lê Thị Ngọc', '0000-00-00', '', '0000-00-00', '', '867504596', 3, 'Tế Tân', '2020-09-09', 1),
(220, 45, 'Lê Thị Phượng', '1989-07-13', '174910970', '2013-08-26', 'Thanh Hóa', '01656,850,006', 2, 'Tân Phúc,Nông Cống ,Thanh Hóa', '2014-06-27', 1),
(221, 53, 'Nguyễn Thị Chinh', '1979-11-12', '171789699', '2014-07-13', 'Thanh Hóa', '01645,561,746', 2, 'Đội 4, Trung Chính, Nông Cống, Thanh Hóa', '2014-07-01', 1),
(222, 137, 'Nguyễn Thị Hơp', '0000-00-00', '', '0000-00-00', '', '327059857', 2, 'Trung Chính', '2019-07-15', 1),
(223, 153, 'Nguyễn Thị Liên', '1979-07-22', '172612376', '2002-07-02', 'Thanh Hóa', '01636,662,818', 2, 'Đội 8, Trung Chính, Nông Cống, Thanh Hóa', '2015-03-31', 1),
(224, 188, 'Nguyễn Thị Phương', '1985-04-14', '172616361', '2002-10-28', '', '984903406', 2, 'Trung Chính', '2019-09-12', 1),
(225, 219, 'Nguyễn Thị Phương Nam', '1991-07-24', '186851822', '2007-01-23', 'nghệ An', '985.633.510', 2, 'Thôn 8, Tế Thắng, Nông Cống, Thanh Hóa', '2015-10-19', 1),
(226, 221, 'Lê Thị Dung', '1993-06-16', '172602244', '2016-03-11', 'Thanh Hóa', '983948673', 2, 'Trung Thành, Nông Cống ,Thanh Hóa', '2019-11-25', 1),
(227, 260, 'Lê Thị Lan', '1992-10-26', '173247708', '2008-06-11', 'Thanh Hóa', '971954943', 2, 'Tân Phúc, Nông Cống, Thanh Hóa', '2018-08-01', 1),
(228, 269, 'Trịnh Thị An', '1993-08-03', '174144931', '2010-01-06', 'Thanh Hóa', '0979,106,617', 2, 'Đội 8, Tế Thắng, Nông Cống, Thanh Hóa', '2016-05-06', 1),
(229, 325, 'Phùng Thị Thủy', '1990-09-10', '173238955', '2007-06-29', 'Thanh Hóa', '0972,842,835', 2, 'Trung Chính, Nông Cống, Thanh Hóa', '2016-08-04', 1),
(230, 326, 'Lê Thị Hằng', '1990-02-20', '173232210', '2006-06-12', 'Thanh Hóa', '01683,321,881', 2, 'Tân Khang, Nông Cống Thanh Hóa', '2016-03-21', 1),
(231, 334, 'Lê Thị Vân Anh', '1996-05-15', '174905275', '2012-07-24', 'Thanh Hóa', '1.697.628.957', 2, 'Trung Thành, Nông Cống, Thanh Hóa', '2016-10-24', 1),
(232, 362, 'Nguyễn Thị Hằng', '1996-10-08', '194611331', '2013-09-21', 'Quảng BÌnh', '1.698.799.327', 2, 'Tân Thọ, Nông Cống, Thanh Hóa', '2017-02-15', 1),
(233, 363, 'Lường Thị Hằng', '1993-07-17', '38193002794', '2017-02-08', 'Thanh Hóa', '1.628.838.750', 2, 'Thôn 6, Tân Thọ, Nông Cống, Thanh Hóa', '2017-02-15', 1),
(234, 375, 'Lê Thị Lan', '1980-10-12', '38180004047', '2017-04-19', 'Thanh Hóa', '1.626.110.310', 2, 'Tân Phúc, Nông cống , Thanh Hóa', '2017-04-01', 1),
(235, 455, 'Lê Thị Thơ', '1995-05-09', '38195003436', '2017-09-15', 'Thanh Hóa', '969.895.380', 2, 'Thôn 1, Tân Phúc, Nông Cống, Thanh Hóa', '2019-12-01', 1),
(236, 552, 'Bùi Thị Hằng', '0000-00-00', '', '0000-00-00', '', '339005288', 2, 'Tĩnh Gia', '2020-06-23', 1),
(237, 553, 'Nguyễn Thị Nhung', '0000-00-00', '', '0000-00-00', '', '388794916', 2, 'Tân Khang', '2020-06-23', 1),
(238, 554, 'Lê Thị Hương', '0000-00-00', '', '0000-00-00', '', '989675428', 2, 'Tân Phúc', '2020-06-23', 1),
(239, 664, 'Trịnh Thị Nga', '1994-02-03', '174601486', '2012-09-10', 'Thanh Hóa', '982180722', 2, 'Phú Mĩ Trung Thành, Nông Cống, Thanh Hóa', '2018-07-05', 1),
(240, 685, 'Lê Thị Hồng Duyên', '1999-11-04', '38199001753', '2016-06-30', 'Thanh Hóa', '327775351', 2, 'Tế Thắng, Nông Cống, Thanh Hóa', '2018-07-30', 1),
(241, 731, 'Trịnh Thị Hòa', '0000-00-00', '', '0000-00-00', '', '386119791', 2, '', '2020-04-27', 1),
(242, 794, 'Trịnh Thị Thúy', '1985-12-10', '38185006824', '2017-05-12', 'Thanh Hóa', '974012629', 2, 'Tân Khang, Nông Cống Thanh Hóa', '2018-11-16', 1),
(243, 899, 'Đào Thị Hiền', '1998-04-03', '174914388', '2014-07-13', 'Thanh Hóa', '388011965', 2, 'Bi Kiều, Trung Chính', '2019-03-01', 1),
(244, 902, 'Lê Thị Thế', '1973-07-05', '38173004536', '2017-12-18', 'Thanh Hóa', '327466817', 2, 'Trung Chính', '2019-03-05', 1),
(245, 963, 'Lê Thị Loan', '1984-06-24', '172601978', '2013-08-23', 'Thanh Hóa', '976305121', 2, 'Tế Lợi, Nông Cống, Thanh Hóa', '2019-04-01', 1),
(246, 966, 'Viên Thị Huệ', '1970-06-06', '38170006426', '2019-01-03', 'Thanh Hóa', '343137556', 2, 'Thôn 5,Trung Thành, Nông Cống, Thanh Hóa', '2019-04-01', 1),
(247, 1023, 'Lê Thị Thức', '1995-07-12', '174905810', '2012-08-29', 'Thanh Hóa', '705425268', 2, 'Trung Ý ,Nông Cống, Thanh Hóa', '2019-06-02', 1),
(248, 548, 'Phạm Thị Huyền', '0000-00-00', '', '0000-00-00', '', '', 10, '', '2020-07-02', 1),
(249, 612, 'Nguyễn Thị Thương', '0000-00-00', '', '0000-00-00', '', '978472793', 10, 'Đồng Tiến, Triệu Sơn', '2020-06-30', 1),
(250, 619, 'Hoàng Thị Thinh', '0000-00-00', '', '0000-00-00', '', '399715916', 10, 'Tế Nông', '2020-07-15', 1),
(251, 635, 'Nguyễn Thị Hà', '1992-11-20', '173258104', '2009-09-06', '', '977653165', 10, 'Hoang Sơn, Nông Cống, Thanh Hóa', '2020-07-13', 1),
(252, 674, 'Lê Thị Hương', '1978-09-29', '172135266', '2015-11-11', '', '372349721', 10, 'Quãng Xương', '2020-08-10', 1),
(253, 675, 'Trần Thị Huyền', '1966-06-13', '38166004529', '2018-06-26', '', '979496508', 10, 'Quãng Long, Quãng Xương', '2020-08-10', 1),
(254, 676, 'Hoàng Thị Chung', '1968-10-10', '172996137', '2004-08-03', '', '979496508', 10, 'Quãng Long, Quãng Xương', '0000-00-00', 1),
(255, 696, 'Đỗ Thị Thùy', '0000-00-00', '', '0000-00-00', '', '33460214', 10, 'Hoàng Giang', '2020-07-23', 1),
(256, 697, 'Đỗ Thị Định', '0000-00-00', '', '0000-00-00', '', '367603937', 10, 'Tân Phúc', '2020-07-23', 1),
(257, 698, 'Quách Văn Anh', '1992-11-13', '174105914', '2011-03-18', '', '963681733', 10, 'Mậu lâm, Như Thanh, Thanh Hóa', '2020-08-04', 1),
(258, 700, 'Nguyễn Thị Thơm', '1996-06-06', '38196008039', '2020-05-22', '', '388323869', 10, 'Tân Cầu, Tân Khang, Nông Cống, Thanh Hóa', '2020-07-23', 1),
(259, 701, 'Nguyễn Thị Ly', '2001-08-14', '38301019032', '2018-12-25', '', '337444364', 10, 'Thôn 1, Trung Thành', '2020-08-06', 1),
(260, 702, 'Nguyễn Thị Vân', '1995-05-03', '174908643', '2013-05-17', '', '344117804', 10, 'Hoàng Sơn', '2020-08-06', 1),
(261, 704, 'Nguyễn Thị Dung', '1992-10-05', '173543673', '2014-12-01', 'Thanh Hóa', '383805317', 10, 'Hoàng Sơn', '2020-08-10', 1),
(262, 705, 'Lê Thị Phương', '0000-00-00', '', '0000-00-00', '', '', 10, '', '0000-00-00', 1),
(263, 711, 'Ngô Thọ Cao', '1991-09-04', '38091004454', '2017-02-08', '', '388191921', 10, 'Thị Trấn Nông Cống, Thanh Hóa', '2020-08-01', 1),
(264, 713, 'Trịnh Thị Bình', '1982-09-12', '172224619', '2014-07-13', '', '343690912', 10, 'Triệu Sơn( trung chính', '2020-08-11', 1),
(265, 1038, 'Nguyễn Thị Tươi', '1968-07-01', '174767585', '2013-05-20', '', '987435161', 10, 'Xuân Du', '2020-08-22', 1),
(266, 1039, 'Lê Thị Hạnh', '1976-08-10', '', '2007-03-09', '', '368740302', 10, 'Tế Tân, Nông Cống, Thanh Hóa', '2020-08-20', 1),
(267, 1040, 'Phạm Thị Nam', '1973-02-10', '1749062961', '2012-09-14', '', '389896214', 10, 'Tế Tân, Nông Cống, Thanh Hóa', '2020-08-20', 1),
(268, 1044, 'Nguyễn Thị Lãm', '0000-00-00', '', '0000-00-00', '', '365399667', 10, 'Tân Phúc', '2020-08-15', 1),
(269, 1059, 'Bùi Văn Hiếu', '1996-04-11', '174768105', '2015-04-16', '04/16/2015', '346580178', 10, 'Mậu Lâm, Như Thanh', '2020-08-17', 1),
(270, 1060, 'Bùi Thị Ngân', '2001-11-16', '', '0000-00-00', '', '362133511', 10, 'Thọ Vinh, Trung Chính', '2020-08-17', 1),
(271, 1061, 'Nguyễn Xuân Dũng', '2002-07-19', '', '0000-00-00', '', '966828772', 10, 'Đội 6, Trung Chính', '2020-08-17', 1),
(272, 1064, 'Lê Thị Linh', '2002-10-11', '', '0000-00-00', '', '335860862', 10, 'Hoàng Sơn', '2020-08-08', 1),
(273, 1065, 'Nguyễn Thị Lan Anh', '0000-00-00', '', '0000-00-00', '', '896519086', 10, 'Tân Ninh', '2020-08-26', 1),
(274, 1072, 'Lê Quang Đạt', '0000-00-00', '', '0000-00-00', '', '865895606', 10, 'Tế Tân', '2020-08-25', 1),
(275, 1073, 'Nguyễn Thị Thúy', '0000-00-00', '', '0000-00-00', '', '967191731', 10, 'Tế Nông', '2020-09-12', 1),
(276, 1085, 'Nguyễn Thị Lệ', '0000-00-00', '', '0000-00-00', '', '', 10, 'Tân Phúc', '2020-09-12', 1),
(277, 1105, 'Nguyễn Thị Hải', '1989-07-19', '173015069', '2011-10-28', '', '366616438', 10, 'Đông Nam', '2020-10-02', 1),
(278, 1106, 'Nguyễn Thị Luyến', '1992-05-15', '215439229', '2012-08-24', 'Bình Định', '989561724', 10, 'Trung Thành', '2020-10-02', 1),
(279, 1116, 'Bùi Thị Huệ', '1996-09-08', '38196002099', '2017-05-11', '', '356525900', 10, 'Mâụ Lâm, Như Thanh', '2020-10-07', 1),
(280, 1117, 'Lê Thị Nguyệt', '0000-00-00', '', '0000-00-00', '', '396499478', 10, 'Trung Chính', '2020-10-12', 1),
(281, 1120, 'Lê Thị Nhung', '0000-00-00', '', '0000-00-00', '', '969082384', 10, 'Quãng Xương', '2020-10-21', 1),
(282, 3, 'Hoàng T Phương Mai', '1983-06-20', '191461257', '2013-03-26', 'Huế', '983.432.821', 1, 'Thanh Hà, Trung Chính, Nông Cống', '2014-06-17', 1),
(283, 44, 'Nguyễn Vân Anh', '2001-10-01', '38301020388', '2019-01-30', '', '348343921', 1, 'Trung Ý', '2019-07-08', 1),
(284, 81, 'Phạm Thị Lên', '1986-07-02', '172606648', '2016-01-15', '', '385533800', 1, 'Hoàng Sơn , Nông Cống, Thanh Hóa', '2019-07-23', 1),
(285, 135, 'Nguyễn Thị Chung', '1991-08-10', '38191007798', '2018-04-24', 'Thanh Hóa', '971658149', 1, 'Thôn 2ATế Thắng, Nông Cống, Thanh Hóa', '2018-12-01', 1),
(286, 141, 'Nguyễn Thị Tuyến', '1997-08-10', '174906751', '2012-11-21', 'Thanh Hóa', '978065492', 1, 'Tế Thắng, Nông Cống ,Thanh Hóa', '2017-10-01', 1),
(287, 172, 'Đào Thị Bông', '1982-04-12', '38182007814', '2017-07-27', 'Thanh Hóa', '1.682.846.475', 1, 'Tân Phúc, Nông Cống, Thanh Hóa', '2015-06-01', 1),
(288, 174, 'Phan Thị Lệ Hằng', '1981-08-19', '174914834', '2014-07-18', 'Thanh Hóa', '967.716.748', 1, 'Trung Ý - Nông Cống', '2017-06-26', 1),
(289, 300, 'Vũ Thị Tuyết', '1977-10-12', '174154198', '2011-05-06', 'Thanh Hóa', '987.910.276', 1, 'Thôn 6, Tế Thắng, Nông Cống, Thanh Hóa', '2016-07-27', 1),
(290, 304, 'Trương Thị Nga', '1990-06-19', '174919659', '2016-03-02', 'Thanh Hóa', '0987,910,276', 1, 'Thôn 5, Trung Ý, Nông Cống', '2016-08-12', 1),
(291, 349, 'Đỗ Thị Dung', '1992-06-22', '173248350', '2008-06-14', 'Thanh Hóa', '982.022.708', 1, 'Trung Chính - Nông Cống - Thanh Hóa', '2016-11-05', 1),
(292, 355, 'Lê Sỹ Phương', '1982-07-05', '17210091', '2015-05-29', '', '396893526', 1, 'Hoàng Giang', '2020-06-02', 1),
(293, 356, 'Lê Đình Hiệu', '0000-00-00', '', '0000-00-00', '', '981107112', 1, 'Hoàng Sơn', '2020-05-28', 1),
(294, 364, 'Lê Thị Huyền', '0000-00-00', '', '0000-00-00', '', '866267847', 1, 'Trung Chính', '2020-05-28', 1),
(295, 401, 'Trịnh Thị Hương', '1988-08-30', '3818800425', '2017-04-05', 'Thanh Hóa', '1.675.589.680', 1, 'Thọ Lân, Thọ Xuân, Thanh Hóa', '2017-06-03', 1),
(296, 444, 'Lê Thị Hường', '1984-04-30', '', '0000-00-00', 'Thanh Hóa', '949.724.300', 1, 'Tế Tân, Nông Cống, Thanh Hóa', '2020-07-03', 1),
(297, 473, 'Lê Thị Phương', '1981-10-25', '172410188', '2013-07-26', 'Thanh Hóa', '1293494817', 1, 'thôn 2 Hoàng Giang Nông Cống', '2018-02-23', 1),
(298, 487, 'Lê Thị Thiện', '1987-05-01', '38187013242', '2019-03-07', '', '354244001', 1, 'Lê Xá 2, Thị Trấn Nông Cống, Thanh Hóa', '2020-06-22', 1),
(299, 516, 'Nguyễn Thị Thủy', '1988-07-25', '172628713', '2016-02-01', 'Thanh Hóa', '983849302', 1, 'Tân khang Nông cống', '2018-03-07', 1),
(300, 563, 'Vi Thị Tuyết Nhung', '1996-12-17', '187473269', '2015-03-20', 'Nghệ An', '1683294002', 1, 'Hoàng Sơn , Nông Cống, Thanh Hóa', '2018-03-31', 1),
(301, 640, 'Lê Thị Hà', '1988-02-09', '173232978', '2010-04-05', 'Thanh Hóa', '589209213', 1, 'Trung Thành', '2018-07-24', 1),
(302, 641, 'Trịnh Thị Thể', '1986-05-12', '38186006490', '2017-08-10', '', '378378772', 1, 'T6, Hoàng Giang, Nông Cống, Thanh Hóa', '2020-07-22', 1),
(303, 642, 'Đỗ Thị Lệ', '1993-04-08', '173256304', '2009-06-28', '', '39770564', 1, 'Minh Nghĩa, Nông Cống, Thanh Hóa', '2020-07-23', 1),
(304, 651, 'Nguyễn Thị Lụa', '1988-08-15', '174915169', '2014-09-03', 'Thanh Hóa', '972419125', 1, 'Trường Minh', '2020-07-24', 1),
(305, 686, 'Đỗ Thị Thoa', '1962-02-28', '38162004367', '2018-03-16', '', '363312551', 1, 'Quãng Long, Quãng Xương', '2020-08-04', 1),
(306, 737, 'Trần Thị Đào', '1973-05-01', '172612157', '2002-06-14', 'Thanh Hóa', '352511347', 1, 'Tân Phúc, Nông Cống, Thanh Hóa', '2018-08-01', 1),
(307, 859, 'Trần Văn Tùng', '2000-09-15', '38200009151', '2016-06-08', 'Thanh Hóa', '358493959', 1, 'Tế Thắng', '2019-02-25', 1),
(308, 1069, 'Nguyễn Thị Bình', '1985-10-02', '38185007721', '2017-07-11', '', '975895300', 1, 'Tân Thọ', '2020-08-24', 1),
(309, 1091, 'Nguyễn Thị Ngân', '0000-00-00', '', '0000-00-00', '', '338279839', 1, 'Tân Khang', '2020-09-14', 1),
(310, 1099, 'Hồ Thị Ngân', '0000-00-00', '', '0000-00-00', '', '378248927', 1, 'Quãng Xương', '2020-09-09', 1),
(311, 1112, 'Nguyễn Thu Trang', '0000-00-00', '', '0000-00-00', '', '967537850', 1, 'Trung Ý', '2020-10-13', 1),
(312, 1125, 'Hoàng Ngọc Chí', '0000-00-00', '', '0000-00-00', '', '974917035', 1, '', '2020-10-16', 1),
(313, 75, 'Nguyễn Thị Hiền', '1991-06-30', '183733221', '2006-09-03', 'Hà Tĩnh', '978265280', 12, 'Trung Thành , Nông Cống, Thanh Hóa', '2019-07-23', 1),
(314, 82, 'Lê Đình Nam', '1998-10-28', '174910469', '2015-01-16', '', '9747167308', 12, 'Tân Phúc, Nông cống , Thanh Hóa', '2020-08-05', 1),
(315, 388, 'Nguyễn Thị Thơm', '1993-02-08', '173256068', '2009-09-21', 'Thanh Hóa', '1.669.510.293', 12, 'Đội 3, Hoàng Sơn, Nông Cống, Thanh Hóa', '2017-03-01', 1),
(316, 389, 'Nguyễn Thị Ngọc', '1983-09-13', '172409383', '2015-08-24', 'Thanh Hóa', '1.693.764.245', 12, 'Đội 2, Hoàng Sơn, Nông Cống, Thanh Hóa', '2016-07-27', 1),
(317, 436, 'Lê Thị Chinh', '1986-07-14', '172616544', '2011-06-20', 'Thanh Hóa', '982.916.121', 12, 'Trung Ý,', '2020-06-09', 1),
(318, 477, 'Lê Đình Phương', '1996-04-12', '38096011301', '2020-02-19', '', '964525436', 12, 'Tân Phúc', '2020-06-24', 1),
(319, 519, 'Hoàng Thị Trang', '1989-08-08', '38189000925', '2016-05-10', '', '969068991', 12, 'Trung Thành, Nông Cống, Thanh Hóa', '2020-06-27', 1),
(320, 564, 'Lê Thị Khoai', '1973-02-03', '38173001804', '2016-11-17', '', '326933238', 12, 'Đông Nam,', '2020-06-26', 1),
(321, 565, 'Vũ Thị Hòa', '1973-12-30', '173008912', '2006-10-24', '', '392112556', 12, 'Đông Nam,', '2020-06-26', 1),
(322, 583, 'Nguyễn Văn Hồng', '0000-00-00', '', '0000-00-00', '', '98491819', 12, 'Thăng Thọ, Nông Cống , Thanh Hóa', '2020-06-15', 1),
(323, 630, 'Lê Thị Thúy', '1980-07-20', '171803929', '2013-06-17', '', '372003785', 12, 'Đông Nam', '2020-07-18', 1),
(324, 658, 'Phạm Thị Hiền', '1982-02-10', '172822074', '2013-08-26', '', '929113609', 12, 'Đông Nam', '2020-07-13', 1),
(325, 668, 'Nguyễn Thị Phúc', '1971-09-02', '38171001619', '2016-11-30', 'Thanh Hóa', '', 12, 'Tân Ninh', '2020-08-04', 1),
(326, 741, 'Lê Thị Thu', '1973-04-20', '38173004687', '2018-01-15', 'Thanh Hóa', '397127086', 12, 'Trung Chính, Nông Cống, Thanh Hóa', '2018-09-05', 1),
(327, 831, 'Nguyễn Thị Thức', '1993-02-08', '173256066', '2009-06-14', 'Thanh Hóa', '342916717', 12, 'Hoàng Sơn', '2019-02-11', 1),
(328, 972, 'Trịnh Thị An', '1973-08-08', '173228471', '2006-07-21', 'Thanh Hóa', '975589623', 12, 'Trung Thành', '2019-04-01', 1),
(329, 1096, 'Lưu Thị Lan', '1987-05-20', '440187000894', '2017-03-22', '', '352239071', 12, 'Thái Hòa,Triệu Sơn', '2020-09-21', 1),
(330, 225, 'Lê Văn Tám', '1985-06-07', '172616304', '2019-09-20', 'Thanh Hóa', '869577353', 14, 'Trung Chính, Nông Cống, Thanh Hóa', '2019-12-17', 1),
(331, 285, 'Lê Thị Nhung', '1986-03-21', '172605950', '2010-03-12', '', '964628575', 14, 'HoÀNG Giang', '2020-05-19', 1),
(332, 1084, 'Nguyễn Thị Phương', '1983-11-10', '172309539', '2015-11-19', '', '336288492', 14, 'Như Thanh', '2020-09-07', 1),
(333, 27, 'Lê Thị Cử', '1975-11-20', '171832119', '2014-07-13', '', '975036238', 13, 'Trung Chính, Nông Cống, Thanh Hóa', '2019-06-28', 1),
(334, 234, 'Nguyễn Bá Thanh', '1974-10-10', '171607568', '2005-02-18', 'Thanh Hóa', '919571011', 13, 'Hoàng Sơn, Nông Cống, Thanh Hóa', '2020-02-07', 1),
(335, 239, 'Phạm Thị Thương', '1993-01-02', '174148892', '2010-08-11', 'Thanh Hóa', '962379424', 13, 'Thái Hòa, Triệu Sơn', '2020-02-18', 1),
(336, 251, 'Nguyễn Trường Đức', '2001-11-01', '\\\"038201001023', '2016-07-27', 'Thanh Hóa', '979847255', 13, 'Tân Thọ , Nông Cống, Thanh Hóa', '2020-01-01', 1),
(337, 253, 'Trần Văn Lâm', '1988-10-08', '1732224321', '2010-07-19', 'Thanh Hóa', '968.571.808', 13, 'Thôn 3 Trung Thành, Nông Cống, Thanh Hóa', '2020-03-04', 1),
(338, 309, 'Nguyễn Hữu Phú', '1985-11-06', '172946743', '2006-01-10', 'Thanh Hóa', '986.383.738', 13, 'Xóm 5, Khuyến Nông, Triệu Sơn, Thanh Hóa', '2016-08-02', 1),
(339, 566, 'Lê Văn Trung', '2000-05-11', '38200021446', '2019-05-27', '', '345197401', 13, 'Mau Giáp, Trung Chính, Nông Cống, Thanh Hóa', '2020-06-29', 1),
(340, 652, 'Nguyễn Thị Hà', '1995-08-30', '174147521', '2010-09-04', 'Thanh Hóa', '1649937538', 13, 'Thôn 3 tân thọ', '2018-06-05', 1),
(341, 717, 'Lê Đức Giang', '0000-00-00', '', '0000-00-00', '', '', 13, 'Trung Chính', '2020-08-10', 1),
(342, 835, 'Trịnh Thị Tấm', '1974-10-10', '174899562', '2011-08-17', 'Thanh Hóa', '332025033', 13, 'Trung Thành, Nông Cống, Thanh Hóa', '2019-02-16', 1),
(343, 942, 'Nguyễn Hữu Long', '1992-04-03', '174141436', '2015-02-25', 'Thanh Hóa', '365975760', 13, 'Tân Thọ, Nông Cóng, Thanh Hóa', '2019-03-21', 1),
(344, 975, 'Nguyễn Bá Cương', '1986-09-02', '172633076', '2004-08-04', 'Thanh Hóa', '394055289', 13, 'Trung Chính', '2019-04-03', 1),
(345, 1009, 'Lê Thị Hải', '1986-05-07', '172606684', '2015-12-16', 'Thanh Hóa', '329282036', 13, 'Trung Thành ,Nông Cống, Thanh Hóa', '2019-05-10', 1),
(346, 1077, 'Lê Duy Dung', '0000-00-00', '', '0000-00-00', '', '396877120', 13, 'Tân Thọ', '2020-09-13', 1),
(347, 1108, 'Lê Văn Lưu', '0000-00-00', '', '0000-00-00', '', '984442712', 13, 'Tân Phúc', '2020-10-01', 1),
(348, 1109, 'Lê Văn Cường', '0000-00-00', '', '0000-00-00', '', '327221632', 13, 'Tân Thọ', '2020-09-28', 1),
(349, 1110, 'Lê Văn Hiếu', '2002-03-26', '\\\"038202012811', '2019-07-02', '', '981984607', 13, 'Trung Chính', '2020-10-12', 1),
(350, 60, 'Lê Huy Hoàng', '1982-02-19', '38082016488', '2019-08-05', '', '976736313', 15, 'Minh Thọ', '2019-07-17', 1),
(351, 228, 'Lê Quang Hưng', '1982-03-01', '173233459', '2012-05-03', 'Thanh Hóa', '962393070', 15, 'Vạn Thắng, Nông Cống, Thanh Hóa', '2020-02-01', 1),
(352, 284, 'Đinh Quang Vinh', '1992-01-12', '173539671', '2007-12-11', '', '334370678', 15, 'Hợp Thăng,TriÊụ Sơn', '2020-05-02', 1),
(353, 337, 'Lê Thi Thùy', '1984-11-20', '172657140', '2013-04-17', 'Thanh Hóa', '1.668.584.386', 15, 'Thôn 5 , Trung Ý, Nông Cống, Thanh Hóa', '2016-10-31', 1),
(354, 345, 'Đỗ Văn Thương', '0000-00-00', '', '0000-00-00', '', '981513291', 15, 'Tế Tân', '2020-05-26', 1),
(355, 347, 'Nguyễn Thị Tho', '1979-06-23', '38179007683', '2018-08-22', '', '914691541', 15, 'Quãng Hòa , Quãng Xương, Thanh Hóa', '2020-05-24', 1),
(356, 348, 'Nguyễn Thị Thơm', '1977-03-26', '38177005038', '2018-02-06', '', '378761934', 15, 'Quãng Hòa , Quãng Xương, Thanh Hóa', '2020-05-24', 1),
(357, 462, 'Trần Văn Tài', '0000-00-00', '', '0000-00-00', '', '326812780', 15, 'Vân Sơn, Triệu sơn, Thanh Hóa', '2020-06-05', 1),
(358, 489, 'Trần Thanh Tùng', '0000-00-00', '', '0000-00-00', '', '843401789', 15, 'Trung Thành, Nông Cống, Thanh Hóa', '2020-06-24', 1),
(359, 509, 'Lê Văn Mạnh', '1985-01-19', '231053162', '1985-01-19', 'Gia Lai', '1642471136', 15, 'Mau Giáp Trung Chính', '2018-03-05', 1),
(360, 528, 'Lê Duy Quyền', '0000-00-00', '', '0000-00-00', '', '373956473', 15, '', '0000-00-00', 1),
(361, 559, 'Hoàng Tấn Dương', '1998-08-20', '174917340', '2015-05-29', 'Thanh Hóa', '1664819680', 15, 'Trung Ý, Nông Cống ,Thanh Hóa', '2018-03-27', 1),
(362, 586, 'Mai Văn Đông', '1993-01-01', '174782597', '2012-02-24', 'Thanh Hóa', '975817541', 15, 'Xóm 7, Minh Sơn, Thanh Hóa', '2018-04-16', 1),
(363, 622, 'Lê Thị Phượng', '0000-00-00', '', '0000-00-00', '', '333202932', 15, 'Quãng Hòa , Quãng Xương, Thanh Hóa', '2020-07-13', 1),
(364, 656, 'Trịnh Đình Cường', '1996-04-10', '38096008983', '2019-04-01', '', '86677795', 15, 'HoÀNG Giang', '2020-07-19', 1),
(365, 667, 'Nguyễn Văn Tiến', '1989-02-01', '173238132', '2007-04-04', 'Thanh Hóa', '387380182', 15, 'Trung Thành', '2020-08-03', 1),
(366, 669, 'Lê Văn Tuấn', '0000-00-00', '', '0000-00-00', '', '966412321', 15, 'Trung Y', '0000-00-00', 1),
(367, 670, 'Đinh Thị Thỉnh', '0000-00-00', '', '0000-00-00', '', '353487990', 15, 'Quãng Hòa, Quãng Xương', '2020-07-22', 1),
(368, 678, 'Lê Đức Thủy', '1965-02-03', '171563642', '2011-10-17', '', '911573554', 15, 'Thôn 7 Trung Chính', '2020-08-10', 1),
(369, 682, 'Nguyễn Văn Đức', '0000-00-00', '', '0000-00-00', '', '985998461', 15, 'Thôn 7 Trung Chính', '2020-08-11', 1),
(370, 808, 'Lê Huy Tuấn', '1987-05-10', '172627671', '2014-11-21', 'Thanh Hóa', '977461505', 15, 'Trung Thành', '2018-11-03', 1),
(371, 812, 'Nguyễn Khắc Linh', '2002-11-28', '38202011661', '2019-05-27', 'Thanh Hóa', '972615420', 15, 'Thôn 5, Trung Ý', '2018-12-15', 1),
(372, 1034, 'Lê Văn Mười', '2002-04-02', '382022015337', '2019-09-30', '', '388155986', 15, 'Quảng Hòa, Quãng Xương', '2020-08-18', 1),
(373, 1071, 'Đỗ Thị Xoan', '1971-11-07', '172860748', '2005-06-08', '', '', 15, 'Quãng Văn, Quãng Xương, Thanh hóa', '2020-09-03', 1),
(374, 1081, 'Ngô Đình Thoa', '1991-02-07', '38091016111', '2019-05-29', '', '359593740', 15, 'Lê Xá 2, Thị', '2020-09-06', 1),
(375, 1082, 'Lê Huy Tiến', '0000-00-00', '', '0000-00-00', '', '763950121', 15, 'Trung Thành', '2020-09-06', 1),
(376, 1083, 'Nguyễn Văn Hồng Phúc', '0000-00-00', '', '0000-00-00', '', '378763967', 15, 'Hoàng Sơn', '2020-09-03', 1);
INSERT INTO `congnhan` (`id`, `macongnhan`, `hovaten`, `ngaysinh`, `cmnd`, `ngaycap`, `noicap`, `sodienthoai`, `bophan`, `diachi`, `thoigianvao`, `danglamviec`) VALUES
(378, 1129, 'Trần Thị Hiền', '0000-00-00', '', '0000-00-00', '', '0369058863', 4, 'Đông Nam', '0000-00-00', 1),
(379, 1126, 'Nguyễn Thị Lâm Hường', '0000-00-00', '', '0000-00-00', '', '0972234918', 6, 'Tân Thọ, Nông Cống, Thanh Hóa', '0000-00-00', 1),
(380, 1127, 'Lương Việt Thành', '0000-00-00', '', '0000-00-00', '', '0972343918', 13, 'Tân Thọ', '0000-00-00', 1),
(381, 924, 'Lê Thị Lân', '0000-00-00', '', '0000-00-00', '', '0346273444', 1, 'Trung Ý', '0000-00-00', 1),
(382, 86, 'Lê Huy Diện', '0000-00-00', '', '0000-00-00', '', '0974247383', 1, 'Trung Thành', '0000-00-00', 1),
(383, 871, 'Trịnh Thị Dung', '0000-00-00', '', '0000-00-00', '', '038222453', 14, 'Tân Thọ', '0000-00-00', 1),
(384, 710, 'Nguyễn Văn Thi', '0000-00-00', '', '0000-00-00', '', '0347415970', 13, 'Trung Chính', '0000-00-00', 1),
(385, 71, 'Lê Thị Thủy', '0000-00-00', '', '0000-00-00', '', '0358337445', 1, 'Hoàng Sơn', '0000-00-00', 1),
(386, 721, 'Quách Văn Cầu', '0000-00-00', '', '0000-00-00', '', '0364365713', 1, 'Mậu Lâm,Như Thanh', '0000-00-00', 1),
(387, 70, 'Vũ Thị Giang', '0000-00-00', '', '0000-00-00', '', '0393760783', 1, 'Tế Lợi', '0000-00-00', 1),
(388, 661, 'Nguyễn Thị Hà', '0000-00-00', '', '0000-00-00', '', '0373339996', 1, 'Triệu Sơn', '0000-00-00', 1),
(389, 828, 'Nguyễn Trường Trung', '0000-00-00', '', '0000-00-00', '', '0394033179', 1, 'Tân Thọ', '0000-00-00', 1),
(390, 581, 'Nguyễn Văn Hồng', '0000-00-00', '', '0000-00-00', '', '0984915819', 1, 'Thăng Long', '0000-00-00', 1),
(391, 1133, 'Quách Văn Hưng', '0000-00-00', '', '0000-00-00', '', '0379069805', 10, 'Như Thanh', '0000-00-00', 1),
(392, 577, 'Lê Đăng Hoàn', '0000-00-00', '', '0000-00-00', '', '0973057146', 1, 'Hoàng Giang', '0000-00-00', 1),
(393, 1124, 'Lê Thị Quỳnh', '0000-00-00', '', '0000-00-00', '', '0966875298', 12, 'Tế Lợi', '0000-00-00', 1),
(394, 1114, 'Trần Thị Bình', '0000-00-00', '', '0000-00-00', '', '0386183532', 1, 'Quãng Yên, Quãng Xương', '0000-00-00', 1),
(395, 323, 'Lê Chí Trung', '0000-00-00', '', '0000-00-00', '', '0967161091', 1, 'Tế Thắng, Nông Cống, Thanh Hóa', '0000-00-00', 1),
(396, 515, 'Lê Thị Vui', '0000-00-00', '', '0000-00-00', '', '0', 8, 'Vân Sơn, Triệu Sơn', '0000-00-00', 1),
(397, 419, 'Thiều Thị Hà', '0000-00-00', '', '0000-00-00', '', '0971466177', 1, 'Tân Khang', '0000-00-00', 1),
(398, 254, 'Trần Thị Thủy', '0000-00-00', '', '0000-00-00', '', '0382956549', 1, 'Tr ung Thành', '0000-00-00', 1),
(399, 212, 'Phạm Thị Hoa', '0000-00-00', '', '0000-00-00', '', '0366630176', 1, 'Tân Kang', '0000-00-00', 1),
(400, 43, 'Lê Thị Thu Hương', '0000-00-00', '', '0000-00-00', '', '0964479606', 1, 'Tân Khang', '0000-00-00', 1),
(401, 306, 'Hà Thị Duyên', '0000-00-00', '', '0000-00-00', '', '0366432977', 8, 'Xuân Du, Như Thanh', '0000-00-00', 1),
(403, 1086, 'Lê Thị Nguyệt', '0000-00-00', '', '0000-00-00', '', '0', 1, 'Quãng Xương', '0000-00-00', 1),
(404, 199, 'Lê Văn Tuấn', '0000-00-00', '', '0000-00-00', '', '0964789177', 1, 'Tế Thắng, Nông Cống, Thanh Hóa', '0000-00-00', 1),
(405, 52, 'Lê Thị Lân', '0000-00-00', '', '0000-00-00', '', '0345561746', 1, 'Trung Chính', '0000-00-00', 1),
(406, 530, 'Lê Dũng Huy', '0000-00-00', '', '0000-00-00', '', '0', 1, 'Trung Ý', '0000-00-00', 1),
(407, 512, 'Lê Quang Đạt', '0000-00-00', '', '0000-00-00', '', '0', 1, 'Triệu Sơn', '0000-00-00', 1),
(408, 526, 'Nguyễn Thị Ngọc', '0000-00-00', '', '0000-00-00', '', '0', 12, 'Tân Thọ', '0000-00-00', 1),
(409, 1094, 'Đỗ Thị Sâm', '0000-00-00', '', '0000-00-00', '', '0973297636', 1, 'Tân Khang', '0000-00-00', 1),
(410, 720, 'Nguyễn Văn Sơn', '0000-00-00', '', '0000-00-00', '', '0', 1, 'Trung Chính', '0000-00-00', 1),
(411, 1130, 'Nguyễn Thị Nga', '0000-00-00', '', '0000-00-00', '', '03766647575', 9, 'Hoàng Sơn', '0000-00-00', 1),
(412, 1134, 'Vi Thị Hồng Phấn', '0000-00-00', '', '0000-00-00', '', '0368942280', 7, 'Tân Khang', '2020-10-21', 1),
(413, 995, 'Lê Thị Sáu', '0000-00-00', '', '0000-00-00', '', '0978221344', 7, 'Trung Chính', '0000-00-00', 1),
(414, 806, 'Lê Thế Dũng', '0000-00-00', '', '0000-00-00', '', '0', 13, 'Tế Thắng', '0000-00-00', 1),
(415, 15, 'Nguyễn Thị Oanh', '0000-00-00', '', '0000-00-00', '', '0', 2, 'Tế Thắng, Nông Cống, Thanh Hóa', '0000-00-00', 1),
(416, 539, 'Lê Thị Thắm', '0000-00-00', '', '0000-00-00', '', '00', 3, 'Triệu sơn', '0000-00-00', 1),
(417, 1137, 'Nguyễn Văn Hiệp', '0000-00-00', '', '0000-00-00', '', '0865923290', 14, 'Tế Nông', '0000-00-00', 1),
(418, 687, 'Nguyễn Thị Lan', '0000-00-00', '', '0000-00-00', '', '0', 1, 'Tân Phúc', '0000-00-00', 1),
(419, 1128, 'Lê Thị Quy', '0000-00-00', '', '0000-00-00', '', '0', 1, 'Trung Chính', '0000-00-00', 1),
(420, 849, 'Phạm Thị Hương', '0000-00-00', '', '0000-00-00', '', '0', 14, 'Trung Chính', '0000-00-00', 1),
(421, 272, 'Nguyễn Thị vân', '0000-00-00', '', '0000-00-00', '', '0984160492', 14, 'Hoàng Sơn', '0000-00-00', 1);

-- --------------------------------------------------------

--
-- Cấu trúc bảng cho bảng `dongiacongdoan`
--

CREATE TABLE `dongiacongdoan` (
  `id` int(255) NOT NULL,
  `mahang` int(255) NOT NULL,
  `macongdoan` int(255) NOT NULL,
  `tencongdoan` varchar(255) NOT NULL,
  `dongia` int(255) NOT NULL
) ENGINE=InnoDB DEFAULT CHARSET=utf8mb4;

--
-- Đang đổ dữ liệu cho bảng `dongiacongdoan`
--

INSERT INTO `dongiacongdoan` (`id`, `mahang`, `macongdoan`, `tencongdoan`, `dongia`) VALUES
(1, 16, 1, 'Gấp mũ bỏ túi + kiểm ngoại quan', 16),
(2, 16, 2, 'Gắn túi', 40),
(3, 16, 3, 'Gắn đít thùng', 92),
(4, 16, 4, 'Bỏ mũ vào thùng', 176),
(5, 16, 5, 'Gắn thùng mũ', 185),
(6, 16, 6, 'công đoạn may', 40),
(7, 1, 1, 'Gấp mũ bỏ túi + kiểm ngoại quan', 16),
(8, 1, 2, 'Gắn túi', 40),
(9, 1, 3, 'Gắn đít thùng', 92),
(10, 1, 4, 'Bỏ mũ vào thùng', 176),
(11, 1, 5, 'Gắn thùng mũ', 185),
(12, 1, 6, 'công đoạn may', 40),
(13, 6, 1, 'Gấp mũ bỏ túi + kiểm ngoại quan', 16),
(14, 6, 2, 'Gắn túi', 40),
(15, 6, 3, 'Gắn đít thùng', 92),
(16, 6, 4, 'Bỏ mũ vào thùng', 176),
(17, 6, 5, 'Gắn thùng mũ', 185),
(18, 6, 6, 'công đoạn may', 120),
(19, 5, 1, 'B?c BTP + ki?m tra  BTP TT + TS ', 21),
(20, 5, 2, 'B?c BTP + ki?m tra BTP t?i +l?t t?i ', 12),
(21, 5, 3, 'B?c BTP +l?y d?u c?p l?n 1', 29),
(22, 5, 4, '?p mex c?p', 14),
(23, 5, 5, 'B?c BTP g?u + c?i + ??p t?i + ph?i ??ng', 21),
(24, 5, 6, '??nh h?nh + ?p logo + b?c logo', 116),
(25, 5, 7, 'Ki?m v?i', 12),
(26, 5, 8, 'Ch?t ??u c?i t?i', 92),
(27, 5, 9, '??nh h?nh t?i h?ng ( r?p)', 183),
(28, 5, 10, 'Can ??p t?i h?ng 1 b?n v?o TS', 100),
(29, 5, 11, 'M? t?i h?ng', 100),
(30, 5, 12, 'M? ??p t?i v?o l?t', 125),
(31, 5, 13, 'Gim l?t t?i + b?m g?c s??n ', 150),
(32, 5, 14, 'V?t s? l?t t?i + b?m g?c', 141),
(33, 5, 15, 'Ch?t c?i t?i ', 42),
(34, 5, 16, 'Can ??ng tr??c', 50),
(35, 5, 17, 'M? ??ng tr??c', 42),
(36, 5, 18, 'Can ngang ??ng tr??c ', 83),
(37, 5, 19, 'M? ngang ??ng tr??c', 67),
(38, 5, 20, 'L?y d?u tra c?p l?n 2', 42),
(39, 5, 21, 'G?n d?y v?o c?p', 58),
(40, 5, 22, 'Ch?t 2 ??u d?y lu?n c?p', 100),
(41, 5, 23, 'Can c?p tr??c + l?y d?u', 83),
(42, 5, 24, 'Gim c?p tr??c +b?m g?c', 117),
(43, 5, 25, 'Tra chun v?o c?p sau + l?y d?u', 125),
(44, 5, 26, 'Quay l?n c?p tr??c sau', 166),
(45, 5, 27, 'L? l?y d?u + c?t chun c?p ', 58),
(46, 5, 28, 'N?i chun', 58),
(47, 5, 29, 'M? 2 ??u c?p', 100),
(48, 5, 30, 'Can ??ng sau', 55),
(49, 5, 31, 'M? ??ng sau', 42),
(50, 5, 32, 'Can ngang ??ng sau', 83),
(51, 5, 33, 'M? ngang ??ng sau', 67),
(52, 5, 34, 'Gim ??p g?u tr??c + sau ( r?p) + l?y d?u', 139),
(53, 5, 35, 'Can s??n b? g?c tr?n d??i + can ?u?i g?u', 349),
(54, 5, 36, 'Gim nh?n s??n', 33),
(55, 5, 37, 'G?n nh?n s??n', 14),
(56, 5, 38, 'VS s??n', 166),
(57, 5, 39, 'M? s??n', 225),
(58, 5, 40, 'Di ch?n canh t?i tr?n d??i x6 + ', 233),
(59, 5, 41, 'Gim t?i x2 + l?y d?u', 42),
(60, 5, 42, 'B?m g?c + g?t ?u?i g?u ', 58),
(61, 5, 43, 'Can n?i ??p g?u', 50),
(62, 5, 44, 'Can ??p g?u v?o th?n', 250),
(63, 5, 45, 'M? ??p g?u', 241),
(64, 5, 46, 'Quay l?n ?u?i g?u', 125),
(65, 5, 47, 'L?y d?u + gim 2 ??u g?u', 83),
(66, 5, 48, 'May lai g?u', 250),
(67, 5, 49, 'G?t g?u', 83),
(68, 5, 50, 'Di ??u can sai tr?n', 58),
(69, 5, 51, 'Di ??u can sai d??i', 29),
(70, 5, 52, 'Di?u can sai c?p tr?n', 175),
(71, 5, 53, 'V?t s? c?p ', 150),
(72, 5, 54, 'Di?u c?p d??i', 250),
(73, 5, 55, 'M? c?p l?t', 67),
(74, 5, 56, 'Gim nh?n c?p', 29),
(75, 5, 57, 'B?m nh? t?i + x?u d?y', 42),
(76, 5, 58, 'L?n qu?n', 17),
(77, 5, 59, 'G? ch? gim', 17),
(78, 5, 60, 'G? ch? gim g?u + g?t ??u g?u', 42),
(79, 5, 61, 'L?y d?u c?i t?i tr?n d??i', 58),
(80, 5, 62, 'L?n + gim g?t ??u c?i', 42),
(81, 5, 63, 'X?n ??p g?u', 83),
(82, 5, 64, 'B?m nh? g?u', 67),
(83, 5, 65, 'G?t ??u c?i', 21),
(84, 5, 66, 'L? chi ti?t', 300),
(85, 5, 67, 'C?t ch? + VSCN ', 193),
(86, 5, 68, 'Di b? mi?ng t?i x4', 180),
(87, 5, 69, 'Di b? c?p x2', 76),
(88, 5, 70, 'Di b? d?y x2', 70),
(89, 5, 71, 'Di b? g?u x4', 160),
(90, 5, 72, 'L? th?nh ph?m', 280);

-- --------------------------------------------------------

--
-- Cấu trúc bảng cho bảng `donhang`
--

CREATE TABLE `donhang` (
  `id` int(10) NOT NULL,
  `mahang` varchar(255) NOT NULL,
  `mahanggoc` int(10) NOT NULL,
  `soluong` int(20) NOT NULL,
  `ngayxuat` date NOT NULL,
  `trangthai` int(10) NOT NULL
) ENGINE=InnoDB DEFAULT CHARSET=utf8mb4;

--
-- Đang đổ dữ liệu cho bảng `donhang`
--

INSERT INTO `donhang` (`id`, `mahang`, `mahanggoc`, `soluong`, `ngayxuat`, `trangthai`) VALUES
(1, 'CRI1004-PO4512927065', 1, 2387000, '2020-10-30', 1),
(3, '506064', 3, 2550000, '2020-10-30', 1),
(4, 'CRI1001-PO4512983383', 4, 2000000, '2020-10-30', 1),
(5, '3290', 5, 157920, '2020-12-15', 0),
(6, 'NONSH600-đợt 1', 6, 162000, '2020-10-30', 1),
(7, 'NONSH600-đợt 2', 6, 132000, '2020-11-30', 1),
(8, 'Woogidi  - Adult +Kid', 8, 7298, '2020-10-30', 1),
(9, 'Woogidi-Puppy', 9, 720, '2020-10-30', 1),
(16, 'Aura', 16, 260000, '2020-10-12', 1),
(17, 'CRI1004-PO4512927066', 1, 2418000, '2020-11-30', 0),
(18, 'CRI1004-PO4513043931', 1, 312000, '2020-11-30', 0),
(19, 'CRI1004-PO4513043932', 1, 480000, '2020-11-30', 0),
(20, 'CRI1004-PO4513043933', 1, 576000, '2020-11-30', 0),
(24, 'CRI1001-PO4513043931', 4, 600000, '2020-11-30', 0),
(25, 'CRI1001-PO4513043932', 4, 72000, '2020-11-30', 0);

-- --------------------------------------------------------

--
-- Cấu trúc bảng cho bảng `donhanggoc`
--

CREATE TABLE `donhanggoc` (
  `id` int(10) NOT NULL,
  `mahang` varchar(255) NOT NULL,
  `khachhang` int(255) NOT NULL,
  `mota` varchar(255) NOT NULL,
  `soluong` int(20) NOT NULL,
  `dongia` int(255) NOT NULL,
  `dongiachuyen` int(255) NOT NULL,
  `ngayvaochuyen` date NOT NULL,
  `ngayxuat` date NOT NULL,
  `ghichu` varchar(255) NOT NULL,
  `trangthai` int(10) NOT NULL
) ENGINE=InnoDB DEFAULT CHARSET=utf8mb4;

--
-- Đang đổ dữ liệu cho bảng `donhanggoc`
--

INSERT INTO `donhanggoc` (`id`, `mahang`, `khachhang`, `mota`, `soluong`, `dongia`, `dongiachuyen`, `ngayvaochuyen`, `ngayxuat`, `ghichu`, `trangthai`) VALUES
(1, 'CRI1004', 3, 'Mũ bảo hộ 24', 16243500, 240, 57, '0000-00-00', '2020-10-30', '', 0),
(3, '506064', 3, 'mũ bảo hộ ', 2550000, 200, 57, '0000-00-00', '2020-10-30', 'giống 1004, đóng gói khác', 1),
(4, 'CRI1001', 3, 'Mũ bảo hộ 21', 5084000, 240, 57, '2020-10-17', '2020-10-30', '', 0),
(5, '3290', 3, 'Quần đùi in ở gấu', 157920, 18480, 7266, '2020-09-30', '2020-12-15', '', 0),
(6, 'NONSH600', 3, 'Mũ bảo hộ xanh 12g', 294000, 640, 137, '2020-10-17', '2020-10-30', '', 1),
(8, 'Woogidi  - Adult +Kid', 2, 'Áo nỉ da cá', 7298, 41580, 11000, '2020-09-30', '2020-11-01', '1 áo 4 tay có khóa 2 bên nách', 1),
(9, 'Woogidi-Puppy', 2, 'Áo chó', 720, 46200, 18000, '2020-10-26', '2020-11-01', 'in', 1),
(16, 'Aura', 3, 'Mũ bảo hộ xanh 12g', 260000, 400, 57, '0000-00-00', '2020-10-12', 'giống 1004', 1);

-- --------------------------------------------------------

--
-- Cấu trúc bảng cho bảng `gopmatinhluong`
--

CREATE TABLE `gopmatinhluong` (
  `id` int(10) NOT NULL,
  `mahanggoc` int(10) NOT NULL,
  `mahanggop` int(10) NOT NULL
) ENGINE=InnoDB DEFAULT CHARSET=utf8mb4;

--
-- Đang đổ dữ liệu cho bảng `gopmatinhluong`
--

INSERT INTO `gopmatinhluong` (`id`, `mahanggoc`, `mahanggop`) VALUES
(2, 1, 4),
(5, 1, 1),
(7, 1, 3);

-- --------------------------------------------------------

--
-- Cấu trúc bảng cho bảng `khachhang`
--

CREATE TABLE `khachhang` (
  `id` int(10) NOT NULL,
  `makhachhang` varchar(10) NOT NULL,
  `tenkhachhang` varchar(255) NOT NULL,
  `thongtinlienhe` varchar(255) NOT NULL
) ENGINE=InnoDB DEFAULT CHARSET=utf8mb4;

--
-- Đang đổ dữ liệu cho bảng `khachhang`
--

INSERT INTO `khachhang` (`id`, `makhachhang`, `tenkhachhang`, `thongtinlienhe`) VALUES
(1, 'RHMK', 'RICK MK11', 'Mr Jin, kakaotalk: +8288888881'),
(2, 'GLORY', 'Văn phòng Glory Hà Nội', 'Chị Trang 09123123123'),
(3, 'TEO', 'TEO Việt Nam', 'Chị Yến');

-- --------------------------------------------------------

--
-- Cấu trúc bảng cho bảng `luongsanphamchot`
--

CREATE TABLE `luongsanphamchot` (
  `ngay` date NOT NULL,
  `macongnhan` int(255) NOT NULL,
  `bophan` int(10) NOT NULL,
  `mahang` int(255) NOT NULL,
  `tongluong` int(255) NOT NULL
) ENGINE=InnoDB DEFAULT CHARSET=utf8mb4;

--
-- Đang đổ dữ liệu cho bảng `luongsanphamchot`
--

INSERT INTO `luongsanphamchot` (`ngay`, `macongnhan`, `bophan`, `mahang`, `tongluong`) VALUES
('2020-10-01', 25, 7, 5, 1187371),
('2020-10-01', 44, 1, 5, 1552517),
('2020-10-01', 81, 1, 5, 2077540),
('2020-10-01', 135, 1, 5, 1823250),
('2020-10-01', 239, 13, 5, 3056260),
('2020-10-01', 244, 7, 5, 2387250),
('2020-10-01', 247, 7, 5, 2859700),
('2020-10-01', 251, 13, 1, 172410),
('2020-10-01', 251, 13, 5, 4135600),
('2020-10-01', 251, 13, 6, 0),
('2020-10-01', 253, 13, 5, 425068),
('2020-10-01', 274, 7, 5, 1396046),
('2020-10-01', 286, 8, 1, 5118160),
('2020-10-01', 291, 8, 1, 5212600),
('2020-10-01', 294, 8, 1, 4574200),
('2020-10-01', 295, 8, 1, 4108000),
('2020-10-01', 296, 8, 1, 4232680),
('2020-10-01', 298, 8, 1, 6795760),
('2020-10-01', 300, 1, 5, 1963542),
('2020-10-01', 304, 1, 5, 932213),
('2020-10-01', 305, 8, 1, 6438960),
('2020-10-01', 306, 8, 1, 5554800),
('2020-10-01', 307, 8, 1, 3511320),
('2020-10-01', 317, 8, 1, 5170320),
('2020-10-01', 336, 8, 1, 5268560),
('2020-10-01', 338, 8, 1, 3979120),
('2020-10-01', 342, 8, 1, 5963120),
('2020-10-01', 349, 1, 5, 3594465),
('2020-10-01', 355, 1, 5, 2620750),
('2020-10-01', 356, 1, 5, 1669960),
('2020-10-01', 364, 1, 5, 2084781),
('2020-10-01', 371, 7, 5, 1897335),
('2020-10-01', 376, 9, 1, 4829600),
('2020-10-01', 376, 9, 6, 1855200),
('2020-10-01', 378, 9, 1, 1268000),
('2020-10-01', 378, 9, 6, 120000),
('2020-10-01', 379, 7, 5, 2454321),
('2020-10-01', 380, 9, 1, 1268000),
('2020-10-01', 380, 9, 6, 240000),
('2020-10-01', 387, 9, 1, 2500000),
('2020-10-01', 390, 9, 1, 4283200),
('2020-10-01', 390, 9, 6, 1888560),
('2020-10-01', 394, 9, 1, 4533600),
('2020-10-01', 394, 9, 6, 1855200),
('2020-10-01', 395, 9, 1, 3162400),
('2020-10-01', 395, 9, 6, 2032200),
('2020-10-01', 396, 9, 1, 3345600),
('2020-10-01', 396, 9, 6, 1524360),
('2020-10-01', 400, 9, 1, 3763200),
('2020-10-01', 400, 9, 6, 1592520),
('2020-10-01', 401, 1, 5, 2176080),
('2020-10-01', 402, 9, 1, 3463200),
('2020-10-01', 402, 9, 6, 1592520),
('2020-10-01', 405, 8, 1, 3933040),
('2020-10-01', 414, 9, 1, 3968000),
('2020-10-01', 414, 9, 6, 1762440),
('2020-10-01', 420, 9, 1, 3014400),
('2020-10-01', 420, 9, 6, 1704000),
('2020-10-01', 421, 9, 1, 3762400),
('2020-10-01', 421, 9, 6, 1647480),
('2020-10-01', 425, 9, 1, 3816000),
('2020-10-01', 425, 9, 6, 1730400),
('2020-10-01', 428, 9, 1, 667200),
('2020-10-01', 438, 9, 1, 5529600),
('2020-10-01', 444, 1, 5, 3325970),
('2020-10-01', 447, 9, 1, 367200),
('2020-10-01', 456, 9, 1, 2289600),
('2020-10-01', 456, 9, 6, 1747920),
('2020-10-01', 475, 9, 1, 3235200),
('2020-10-01', 475, 9, 6, 707200),
('2020-10-01', 482, 7, 5, 4037500),
('2020-10-01', 483, 8, 1, 5525520),
('2020-10-01', 484, 9, 1, 2960000),
('2020-10-01', 484, 9, 6, 641600),
('2020-10-01', 491, 8, 1, 2672431),
('2020-10-01', 492, 8, 1, 5927880),
('2020-10-01', 496, 8, 1, 4411920),
('2020-10-01', 497, 8, 1, 3139080),
('2020-10-01', 498, 7, 5, 2276000),
('2020-10-01', 515, 8, 1, 3722480),
('2020-10-01', 516, 1, 5, 2638850),
('2020-10-01', 526, 12, 1, 465600),
('2020-10-01', 548, 10, 1, 2657744),
('2020-10-01', 558, 9, 1, 2350400),
('2020-10-01', 558, 9, 6, 236800),
('2020-10-01', 561, 9, 1, 3494400),
('2020-10-01', 561, 9, 6, 307200),
('2020-10-01', 565, 12, 1, 811200),
('2020-10-01', 567, 8, 1, 4957520),
('2020-10-01', 570, 9, 1, 2851200),
('2020-10-01', 570, 9, 6, 1888440),
('2020-10-01', 571, 9, 1, 3083200),
('2020-10-01', 571, 9, 6, 601600),
('2020-10-01', 572, 8, 1, 2719120),
('2020-10-01', 573, 8, 1, 4775120),
('2020-10-01', 578, 8, 1, 4930440),
('2020-10-01', 580, 8, 1, 5674680),
('2020-10-01', 582, 9, 1, 3003200),
('2020-10-01', 582, 9, 6, 555200),
('2020-10-01', 619, 10, 1, 3981680),
('2020-10-01', 635, 10, 1, 5214960),
('2020-10-01', 640, 1, 5, 3328792),
('2020-10-01', 641, 1, 5, 2795870),
('2020-10-01', 642, 1, 5, 2842730),
('2020-10-01', 651, 1, 5, 2076207),
('2020-10-01', 652, 13, 1, 201600),
('2020-10-01', 652, 13, 6, 0),
('2020-10-01', 665, 8, 1, 4872760),
('2020-10-01', 666, 9, 1, 3524800),
('2020-10-01', 666, 9, 6, 635200),
('2020-10-01', 673, 8, 1, 4227920),
('2020-10-01', 674, 10, 1, 3952000),
('2020-10-01', 675, 10, 1, 4804800),
('2020-10-01', 676, 10, 1, 4987200),
('2020-10-01', 689, 9, 1, 3397600),
('2020-10-01', 689, 9, 6, 1962000),
('2020-10-01', 696, 10, 1, 4689360),
('2020-10-01', 697, 10, 1, 2598160),
('2020-10-01', 698, 10, 1, 5179840),
('2020-10-01', 700, 10, 1, 3561760),
('2020-10-01', 701, 10, 1, 4890240),
('2020-10-01', 702, 10, 1, 3366320),
('2020-10-01', 704, 10, 1, 2422880),
('2020-10-01', 710, 13, 1, 1644560),
('2020-10-01', 710, 13, 5, 1902508),
('2020-10-01', 711, 10, 1, 836400),
('2020-10-01', 713, 10, 1, 6042720),
('2020-10-01', 718, 7, 5, 2416725),
('2020-10-01', 726, 8, 1, 620720),
('2020-10-01', 737, 1, 5, 1870280),
('2020-10-01', 741, 12, 1, 891200),
('2020-10-01', 806, 13, 5, 1241000),
('2020-10-01', 828, 1, 5, 3360000),
('2020-10-01', 835, 13, 1, 980800),
('2020-10-01', 835, 13, 5, 619710),
('2020-10-01', 859, 1, 5, 2344380),
('2020-10-01', 879, 7, 5, 3002750),
('2020-10-01', 880, 7, 5, 3200900),
('2020-10-01', 882, 7, 5, 1738500),
('2020-10-01', 929, 7, 5, 4859130),
('2020-10-01', 942, 13, 5, 2985044),
('2020-10-01', 975, 13, 5, 904400),
('2020-10-01', 979, 7, 5, 1864500),
('2020-10-01', 995, 7, 5, 2781250),
('2020-10-01', 1009, 13, 5, 72100),
('2020-10-01', 1035, 7, 5, 555775),
('2020-10-01', 1036, 7, 5, 2988227),
('2020-10-01', 1039, 10, 1, 5006400),
('2020-10-01', 1040, 10, 1, 5001600),
('2020-10-01', 1041, 9, 1, 841600),
('2020-10-01', 1042, 9, 1, 2644800),
('2020-10-01', 1042, 9, 6, 560000),
('2020-10-01', 1043, 8, 1, 3325520),
('2020-10-01', 1044, 10, 1, 5538960),
('2020-10-01', 1046, 8, 1, 3930320),
('2020-10-01', 1048, 8, 1, 4974040),
('2020-10-01', 1049, 8, 1, 5075520),
('2020-10-01', 1050, 8, 1, 5216000),
('2020-10-01', 1051, 8, 1, 5103720),
('2020-10-01', 1053, 8, 1, 5596600),
('2020-10-01', 1055, 9, 1, 3564800),
('2020-10-01', 1055, 9, 6, 1962000),
('2020-10-01', 1056, 9, 1, 4026400),
('2020-10-01', 1056, 9, 6, 1855200),
('2020-10-01', 1057, 9, 1, 3311600),
('2020-10-01', 1057, 9, 6, 1636560),
('2020-10-01', 1058, 9, 1, 4016000),
('2020-10-01', 1058, 9, 6, 1647480),
('2020-10-01', 1059, 10, 1, 4203680),
('2020-10-01', 1060, 10, 1, 1884080),
('2020-10-01', 1061, 10, 1, 5210320),
('2020-10-01', 1064, 10, 1, 5314880),
('2020-10-01', 1065, 10, 1, 3816800),
('2020-10-01', 1066, 8, 1, 5854560),
('2020-10-01', 1067, 8, 1, 989840),
('2020-10-01', 1068, 9, 1, 2625600),
('2020-10-01', 1068, 9, 6, 452800),
('2020-10-01', 1069, 1, 5, 682953),
('2020-10-01', 1072, 10, 1, 2419458),
('2020-10-01', 1072, 10, 6, 437598),
('2020-10-01', 1073, 10, 1, 5680000),
('2020-10-01', 1074, 7, 5, 2397495),
('2020-10-01', 1076, 7, 5, 1944930),
('2020-10-01', 1084, 14, 1, 1434000),
('2020-10-01', 1085, 10, 1, 4130320),
('2020-10-01', 1087, 7, 5, 1452800),
('2020-10-01', 1088, 7, 5, 3364300),
('2020-10-01', 1089, 7, 5, 2061500),
('2020-10-01', 1091, 1, 5, 1195040),
('2020-10-01', 1093, 8, 1, 3927920),
('2020-10-01', 1097, 7, 5, 1269252),
('2020-10-01', 1099, 1, 5, 576572),
('2020-10-01', 1100, 8, 1, 393360),
('2020-10-01', 1101, 7, 5, 2100000),
('2020-10-01', 1105, 10, 1, 2899600),
('2020-10-01', 1106, 10, 1, 1531600),
('2020-10-01', 1107, 8, 1, 3874920),
('2020-10-01', 1108, 13, 5, 275520),
('2020-10-01', 1110, 13, 5, 1549413),
('2020-10-01', 1111, 7, 5, 294000),
('2020-10-01', 1112, 1, 5, 838200),
('2020-10-01', 1115, 9, 1, 897600),
('2020-10-01', 1115, 9, 6, 1691400),
('2020-10-01', 1116, 10, 1, 1490800),
('2020-10-01', 1117, 10, 1, 1144560),
('2020-10-01', 1119, 8, 1, 2520000),
('2020-10-01', 1120, 10, 1, 942400),
('2020-10-01', 1121, 8, 1, 1932800),
('2020-10-01', 1122, 8, 1, 1454400),
('2020-10-01', 1123, 8, 1, 700791),
('2020-10-01', 1128, 1, 5, 909802),
('2020-10-01', 1130, 9, 1, 301200),
('2020-10-01', 1130, 9, 6, 1369200),
('2020-10-01', 1134, 7, 5, 1357497);

-- --------------------------------------------------------

--
-- Cấu trúc bảng cho bảng `mucdongbaohiem`
--

CREATE TABLE `mucdongbaohiem` (
  `id` int(10) NOT NULL,
  `mucdong` int(255) NOT NULL,
  `batdau` date NOT NULL,
  `ketthuc` date NOT NULL
) ENGINE=InnoDB DEFAULT CHARSET=utf8mb4;

--
-- Đang đổ dữ liệu cho bảng `mucdongbaohiem`
--

INSERT INTO `mucdongbaohiem` (`id`, `mucdong`, `batdau`, `ketthuc`) VALUES
(1, 365000, '2020-01-01', '9999-12-31');

-- --------------------------------------------------------

--
-- Cấu trúc bảng cho bảng `phieuthu`
--

CREATE TABLE `phieuthu` (
  `id` int(10) NOT NULL,
  `ngay` date NOT NULL,
  `khachhang` varchar(255) NOT NULL,
  `sotien` int(255) NOT NULL,
  `ghichu` varchar(255) NOT NULL
) ENGINE=InnoDB DEFAULT CHARSET=utf8mb4;

--
-- Đang đổ dữ liệu cho bảng `phieuthu`
--

INSERT INTO `phieuthu` (`id`, `ngay`, `khachhang`, `sotien`, `ghichu`) VALUES
(6, '2020-10-30', '2', 506792724, 'Thu tiền GOOGIDI'),
(7, '2020-11-04', '2', -115269000, 'Chi trả hoa  hồng đại lý cho c Trang'),
(8, '2020-11-06', '1', 114851256, 'RHMK tt'),
(9, '2020-11-09', '3', 815754688, 'TEO TT hết tháng 10');

-- --------------------------------------------------------

--
-- Cấu trúc bảng cho bảng `sanluong`
--

CREATE TABLE `sanluong` (
  `id` int(255) NOT NULL,
  `ngay` date NOT NULL,
  `bophan` int(255) NOT NULL,
  `mahang` varchar(255) NOT NULL,
  `sanluong` int(10) NOT NULL
) ENGINE=InnoDB DEFAULT CHARSET=utf8mb4;

--
-- Đang đổ dữ liệu cho bảng `sanluong`
--

INSERT INTO `sanluong` (`id`, `ngay`, `bophan`, `mahang`, `sanluong`) VALUES
(7, '2020-10-01', 1, '5', 40),
(8, '2020-10-01', 2, '5', 0),
(9, '2020-10-01', 3, '5', 0),
(10, '2020-10-01', 4, '9', 0),
(11, '2020-10-01', 5, '5', 0),
(12, '2020-10-01', 6, '5', 0),
(13, '2020-10-01', 7, '5', 0),
(14, '2020-10-01', 8, '4', 120140),
(15, '2020-10-01', 9, '1', 103760),
(16, '2020-10-01', 10, '4', 67104),
(17, '2020-10-02', 1, '5', 50),
(18, '2020-10-02', 2, '5', 0),
(19, '2020-10-02', 3, '5', 0),
(20, '2020-10-02', 4, '8', 0),
(21, '2020-10-02', 5, '5', 0),
(22, '2020-10-02', 6, '5', 0),
(23, '2020-10-02', 7, '5', 0),
(24, '2020-10-02', 8, '3', 113500),
(25, '2020-10-02', 9, '3', 98400),
(26, '2020-10-02', 10, '3', 71252),
(30, '2020-10-03', 1, '5', 80),
(31, '2020-10-03', 2, '5', 0),
(32, '2020-10-03', 3, '5', 0),
(33, '2020-10-03', 4, '8', 120),
(34, '2020-10-03', 5, '5', 0),
(35, '2020-10-03', 6, '5', 0),
(36, '2020-10-03', 7, '5', 50),
(37, '2020-10-03', 8, '3', 107440),
(38, '2020-10-03', 9, '3', 109960),
(39, '2020-10-03', 10, '3', 70240),
(40, '2020-10-05', 1, '5', 160),
(41, '2020-10-05', 2, '5', 84),
(42, '2020-10-05', 3, '5', 0),
(43, '2020-10-05', 4, '8', 150),
(44, '2020-10-05', 5, '5', 50),
(45, '2020-10-05', 6, '5', 50),
(46, '2020-10-05', 7, '5', 100),
(47, '2020-10-05', 8, '3', 114960),
(48, '2020-10-05', 9, '3', 95940),
(49, '2020-10-05', 10, '3', 86460),
(50, '2020-10-06', 1, '5', 200),
(51, '2020-10-06', 2, '5', 100),
(52, '2020-10-06', 3, '5', 100),
(53, '2020-10-06', 4, '8', 180),
(54, '2020-10-06', 5, '5', 90),
(55, '2020-10-06', 6, '5', 72),
(56, '2020-10-06', 7, '5', 151),
(57, '2020-10-06', 8, '3', 119300),
(58, '2020-10-06', 9, '3', 115560),
(59, '2020-10-06', 10, '3', 88900),
(60, '2020-10-07', 1, '5', 150),
(61, '2020-10-07', 2, '5', 206),
(62, '2020-10-07', 3, '5', 250),
(63, '2020-10-07', 4, '8', 26),
(64, '2020-10-07', 5, '5', 200),
(65, '2020-10-07', 6, '5', 180),
(66, '2020-10-07', 7, '5', 170),
(67, '2020-10-07', 8, '3', 112460),
(68, '2020-10-07', 9, '3', 115560),
(69, '2020-10-07', 10, '3', 86400),
(70, '2020-10-08', 1, '5', 250),
(71, '2020-10-08', 2, '5', 250),
(72, '2020-10-08', 3, '5', 250),
(73, '2020-10-08', 4, '8', 330),
(74, '2020-10-08', 5, '5', 250),
(75, '2020-10-08', 6, '5', 200),
(76, '2020-10-08', 7, '5', 215),
(77, '2020-10-08', 8, '3', 128800),
(78, '2020-10-08', 9, '3', 104680),
(79, '2020-10-08', 10, '3', 87100),
(80, '2020-10-09', 1, '5', 265),
(81, '2020-10-09', 2, '5', 256),
(82, '2020-10-09', 3, '5', 300),
(83, '2020-10-09', 4, '8', 360),
(84, '2020-10-09', 5, '5', 280),
(85, '2020-10-09', 6, '5', 241),
(86, '2020-10-09', 7, '5', 250),
(87, '2020-10-09', 8, '3', 122600),
(88, '2020-10-09', 9, '3', 92300),
(89, '2020-10-09', 10, '3', 71400),
(90, '2020-10-10', 1, '5', 242),
(91, '2020-10-10', 2, '5', 243),
(92, '2020-10-10', 3, '5', 288),
(93, '2020-10-10', 4, '8', 330),
(94, '2020-10-10', 5, '5', 270),
(95, '2020-10-10', 6, '5', 185),
(96, '2020-10-10', 7, '5', 225),
(97, '2020-10-10', 8, '3', 115140),
(98, '2020-10-10', 9, '3', 91300),
(99, '2020-10-10', 10, '3', 86200),
(100, '2020-10-11', 1, '5', 218),
(101, '2020-10-11', 2, '5', 240),
(102, '2020-10-11', 3, '5', 256),
(103, '2020-10-11', 4, '8', 300),
(104, '2020-10-11', 5, '5', 250),
(105, '2020-10-11', 6, '5', 200),
(106, '2020-10-11', 7, '5', 200),
(107, '2020-10-11', 8, '1', 88300),
(108, '2020-10-11', 9, '3', 74220),
(109, '2020-10-11', 10, '3', 59000),
(110, '2020-10-12', 1, '5', 296),
(111, '2020-10-12', 2, '5', 330),
(112, '2020-10-12', 3, '5', 350),
(113, '2020-10-12', 4, '8', 320),
(114, '2020-10-12', 5, '5', 330),
(115, '2020-10-12', 6, '5', 300),
(116, '2020-10-12', 7, '5', 262),
(117, '2020-10-12', 8, '1', 118900),
(118, '2020-10-12', 9, '1', 129700),
(119, '2020-10-12', 10, '1', 89700),
(120, '2020-10-13', 1, '5', 316),
(121, '2020-10-13', 2, '5', 340),
(122, '2020-10-13', 3, '5', 380),
(123, '2020-10-13', 4, '8', 340),
(124, '2020-10-13', 5, '5', 350),
(125, '2020-10-13', 6, '5', 315),
(126, '2020-10-13', 7, '5', 310),
(127, '2020-10-13', 8, '1', 137300),
(128, '2020-10-13', 9, '1', 112100),
(129, '2020-10-13', 10, '1', 89000),
(130, '2020-10-14', 1, '5', 288),
(131, '2020-10-14', 2, '5', 300),
(132, '2020-10-14', 3, '5', 330),
(133, '2020-10-14', 4, '8', 300),
(134, '2020-10-14', 5, '5', 300),
(135, '2020-10-14', 6, '5', 255),
(136, '2020-10-14', 7, '5', 280),
(137, '2020-10-14', 8, '1', 113500),
(138, '2020-10-14', 9, '1', 98500),
(139, '2020-10-14', 10, '1', 76500),
(140, '2020-10-15', 1, '5', 250),
(141, '2020-10-15', 2, '5', 329),
(142, '2020-10-15', 3, '5', 335),
(143, '2020-10-15', 4, '8', 310),
(144, '2020-10-15', 5, '5', 340),
(145, '2020-10-15', 6, '5', 257),
(146, '2020-10-15', 7, '5', 320),
(147, '2020-10-15', 8, '1', 128300),
(148, '2020-10-15', 9, '1', 104400),
(149, '2020-10-15', 10, '1', 79400),
(150, '2020-10-16', 1, '5', 294),
(151, '2020-10-16', 2, '5', 338),
(152, '2020-10-16', 3, '5', 360),
(153, '2020-10-16', 4, '8', 327),
(154, '2020-10-16', 5, '5', 351),
(155, '2020-10-16', 6, '5', 270),
(156, '2020-10-16', 7, '5', 320),
(157, '2020-10-16', 8, '1', 132200),
(158, '2020-10-16', 9, '1', 107220),
(159, '2020-10-16', 10, '1', 84600),
(160, '2020-10-17', 1, '5', 280),
(161, '2020-10-17', 2, '5', 342),
(162, '2020-10-17', 3, '5', 360),
(163, '2020-10-17', 4, '8', 340),
(164, '2020-10-17', 5, '5', 350),
(165, '2020-10-17', 6, '5', 302),
(166, '2020-10-17', 7, '5', 320),
(167, '2020-10-17', 8, '1', 134000),
(168, '2020-10-17', 9, '6', 7200),
(169, '2020-10-17', 10, '1', 85600),
(170, '2020-10-19', 1, '5', 195),
(171, '2020-10-19', 2, '5', 330),
(172, '2020-10-19', 3, '5', 336),
(173, '2020-10-19', 4, '8', 290),
(174, '2020-10-19', 5, '5', 344),
(175, '2020-10-19', 6, '5', 280),
(176, '2020-10-19', 7, '5', 320),
(177, '2020-10-19', 8, '1', 129900),
(178, '2020-10-19', 9, '6', 9200),
(179, '2020-10-19', 10, '1', 66000),
(180, '2020-10-20', 1, '5', 320),
(181, '2020-10-20', 2, '5', 342),
(182, '2020-10-20', 3, '5', 350),
(183, '2020-10-20', 4, '8', 330),
(184, '2020-10-20', 5, '5', 344),
(185, '2020-10-20', 6, '5', 300),
(186, '2020-10-20', 7, '5', 320),
(187, '2020-10-20', 8, '1', 109900),
(188, '2020-10-20', 9, '6', 10000),
(189, '2020-10-20', 10, '1', 69100),
(190, '2020-10-21', 1, '5', 330),
(191, '2020-10-21', 2, '5', 380),
(192, '2020-10-21', 3, '5', 420),
(193, '2020-10-21', 4, '8', 350),
(194, '2020-10-21', 5, '5', 360),
(195, '2020-10-21', 6, '5', 310),
(196, '2020-10-21', 7, '5', 357),
(197, '2020-10-21', 8, '1', 114500),
(198, '2020-10-21', 9, '7', 11600),
(199, '2020-10-21', 10, '1', 83200),
(200, '2020-10-22', 1, '5', 350),
(201, '2020-10-22', 2, '5', 380),
(202, '2020-10-22', 3, '5', 420),
(203, '2020-10-22', 4, '8', 350),
(204, '2020-10-22', 5, '5', 400),
(205, '2020-10-22', 6, '5', 330),
(206, '2020-10-22', 7, '5', 350),
(207, '2020-10-22', 8, '4', 118000),
(208, '2020-10-22', 9, '6', 12250),
(209, '2020-10-22', 10, '4', 80700),
(210, '2020-10-23', 1, '5', 360),
(211, '2020-10-23', 2, '5', 380),
(212, '2020-10-23', 3, '5', 420),
(213, '2020-10-23', 4, '8', 330),
(214, '2020-10-23', 5, '5', 420),
(215, '2020-10-23', 6, '5', 340),
(216, '2020-10-23', 7, '5', 370),
(217, '2020-10-23', 8, '4', 125200),
(218, '2020-10-23', 9, '6', 15600),
(219, '2020-10-23', 10, '4', 81400),
(220, '2020-10-24', 1, '5', 335),
(221, '2020-10-24', 2, '5', 342),
(222, '2020-10-24', 3, '5', 420),
(223, '2020-10-24', 4, '8', 280),
(224, '2020-10-24', 5, '5', 370),
(225, '2020-10-24', 6, '5', 320),
(226, '2020-10-24', 7, '5', 350),
(227, '2020-10-24', 8, '4', 126500),
(228, '2020-10-24', 9, '6', 19700),
(229, '2020-10-24', 10, '4', 85400),
(230, '2020-10-25', 1, '5', 304),
(231, '2020-10-25', 2, '5', 304),
(232, '2020-10-25', 3, '5', 390),
(233, '2020-10-25', 4, '8', 277),
(234, '2020-10-25', 5, '5', 330),
(235, '2020-10-25', 6, '5', 300),
(236, '2020-10-25', 7, '5', 250),
(237, '2020-10-25', 8, '4', 95200),
(238, '2020-10-25', 9, '6', 17050),
(239, '2020-10-25', 10, '4', 62700),
(240, '2020-10-26', 1, '5', 351),
(241, '2020-10-26', 2, '5', 342),
(242, '2020-10-26', 3, '5', 360),
(243, '2020-10-26', 4, '8', 300),
(244, '2020-10-26', 5, '5', 320),
(245, '2020-10-26', 6, '5', 250),
(246, '2020-10-26', 7, '5', 360),
(247, '2020-10-26', 8, '4', 124980),
(248, '2020-10-26', 9, '6', 21900),
(249, '2020-10-26', 10, '4', 75500),
(250, '2020-10-27', 1, '5', 334),
(251, '2020-10-27', 2, '5', 342),
(252, '2020-10-27', 3, '5', 400),
(253, '2020-10-27', 4, '8', 350),
(254, '2020-10-27', 5, '5', 360),
(255, '2020-10-27', 6, '5', 281),
(256, '2020-10-27', 7, '5', 370),
(257, '2020-10-27', 8, '4', 130300),
(258, '2020-10-27', 9, '6', 23400),
(259, '2020-10-27', 10, '4', 46100),
(260, '2020-10-28', 1, '5', 351),
(261, '2020-10-28', 2, '5', 342),
(262, '2020-10-28', 3, '5', 430),
(263, '2020-10-28', 4, '8', 170),
(264, '2020-10-28', 5, '5', 390),
(265, '2020-10-28', 6, '5', 296),
(266, '2020-10-28', 7, '5', 400),
(267, '2020-10-28', 8, '4', 130000),
(268, '2020-10-28', 9, '6', 25700),
(269, '2020-10-28', 10, '4', 64800),
(271, '2020-10-29', 1, '5', 360),
(272, '2020-10-29', 2, '5', 342),
(273, '2020-10-29', 3, '5', 352),
(274, '2020-10-29', 4, '9', 400),
(275, '2020-10-29', 5, '5', 390),
(276, '2020-10-29', 6, '5', 320),
(277, '2020-10-29', 7, '5', 380),
(278, '2020-10-29', 8, '4', 122924),
(279, '2020-10-29', 9, '7', 26600),
(280, '2020-10-29', 10, '4', 66400),
(281, '2020-10-30', 1, '5', 360),
(282, '2020-10-30', 2, '5', 400),
(283, '2020-10-30', 3, '5', 450),
(284, '2020-10-30', 4, '9', 367),
(285, '2020-10-30', 5, '5', 400),
(286, '2020-10-30', 6, '5', 330),
(287, '2020-10-30', 7, '5', 400),
(288, '2020-10-30', 8, '17', 163007),
(289, '2020-10-30', 9, '7', 25800),
(290, '2020-10-30', 10, '17', 71460),
(301, '2020-10-31', 1, '5', 360),
(302, '2020-10-31', 2, '5', 420),
(303, '2020-10-31', 3, '5', 450),
(304, '2020-10-31', 4, '5', 0),
(305, '2020-10-31', 5, '5', 400),
(306, '2020-10-31', 6, '5', 340),
(307, '2020-10-31', 7, '5', 380),
(308, '2020-10-31', 8, '17', 163007),
(309, '2020-10-31', 9, '7', 22100),
(310, '2020-10-31', 10, '17', 73944),
(311, '2020-11-02', 1, '5', 410),
(312, '2020-11-02', 2, '5', 420),
(313, '2020-11-02', 3, '5', 450),
(314, '2020-11-02', 4, '5', 0),
(315, '2020-11-02', 5, '5', 420),
(316, '2020-11-02', 6, '5', 355),
(317, '2020-11-02', 7, '5', 420),
(318, '2020-11-02', 8, '17', 120300),
(319, '2020-11-02', 9, '17', 64000),
(320, '2020-11-02', 10, '17', 79800),
(321, '2020-10-01', 9, '7', 25900),
(322, '2020-10-02', 9, '7', 20000),
(323, '2020-11-03', 1, '5', 410),
(324, '2020-11-03', 2, '5', 410),
(325, '2020-11-03', 3, '5', 470),
(326, '2020-11-03', 4, '5', 0),
(327, '2020-11-03', 5, '5', 420),
(328, '2020-11-03', 6, '5', 350),
(329, '2020-11-03', 7, '5', 425),
(330, '2020-11-04', 1, '5', 420),
(331, '2020-11-04', 2, '5', 450),
(332, '2020-11-04', 3, '5', 470),
(333, '2020-11-04', 4, '5', 190),
(334, '2020-11-04', 5, '5', 420),
(335, '2020-11-04', 6, '5', 380),
(336, '2020-11-04', 7, '5', 443),
(338, '2020-11-03', 8, '17', 127700),
(339, '2020-11-03', 9, '17', 126100),
(340, '2020-11-03', 10, '17', 105960),
(341, '2020-11-04', 8, '17', 122940),
(342, '2020-11-04', 9, '17', 94300),
(343, '2020-11-04', 10, '17', 74940),
(344, '2020-11-05', 1, '5', 432),
(345, '2020-11-05', 2, '5', 430),
(346, '2020-11-05', 3, '5', 490),
(347, '2020-11-05', 4, '5', 240),
(348, '2020-11-05', 5, '5', 430),
(349, '2020-11-05', 6, '5', 385),
(350, '2020-11-05', 7, '5', 450),
(351, '2020-10-28', 4, '8', 483),
(352, '2020-11-06', 1, '5', 440),
(353, '2020-11-06', 2, '5', 430),
(354, '2020-11-06', 3, '5', 500),
(355, '2020-11-06', 4, '5', 290),
(356, '2020-11-06', 5, '5', 430),
(357, '2020-11-06', 6, '5', 395),
(358, '2020-11-06', 7, '5', 460),
(359, '2020-11-07', 1, '5', 445),
(360, '2020-11-07', 2, '5', 430),
(361, '2020-11-07', 3, '5', 480),
(362, '2020-11-07', 4, '5', 300),
(363, '2020-11-07', 5, '5', 420),
(364, '2020-11-07', 6, '5', 395),
(365, '2020-11-07', 7, '5', 420),
(366, '2020-11-09', 1, '5', 450),
(367, '2020-11-09', 2, '5', 430),
(368, '2020-11-09', 3, '5', 500),
(369, '2020-11-09', 4, '5', 320),
(370, '2020-11-09', 5, '5', 430),
(371, '2020-11-09', 6, '5', 405),
(372, '2020-11-09', 7, '5', 460);

-- --------------------------------------------------------

--
-- Cấu trúc bảng cho bảng `sanluongcongnhan`
--

CREATE TABLE `sanluongcongnhan` (
  `id` int(10) NOT NULL,
  `ngaythang` date NOT NULL,
  `macongnhan` int(255) NOT NULL,
  `bophan` int(10) NOT NULL,
  `mahang` varchar(255) NOT NULL,
  `congdoan` int(10) NOT NULL,
  `sanluong` int(255) NOT NULL
) ENGINE=InnoDB DEFAULT CHARSET=utf8mb4;

--
-- Đang đổ dữ liệu cho bảng `sanluongcongnhan`
--

INSERT INTO `sanluongcongnhan` (`id`, `ngaythang`, `macongnhan`, `bophan`, `mahang`, `congdoan`, `sanluong`) VALUES
(1, '2020-10-01', 492, 8, '1', 6, 148197),
(2, '2020-10-01', 305, 8, '1', 6, 160974),
(3, '2020-10-01', 665, 8, '1', 6, 121819),
(4, '2020-10-01', 1066, 8, '1', 6, 146364),
(5, '2020-10-01', 726, 8, '1', 6, 15518),
(6, '2020-10-01', 338, 8, '1', 6, 99478),
(7, '2020-10-01', 295, 8, '1', 6, 102700),
(8, '2020-10-01', 298, 8, '1', 6, 169894),
(9, '2020-10-01', 306, 8, '1', 6, 138870),
(10, '2020-10-01', 294, 8, '1', 6, 114355),
(11, '2020-10-01', 580, 8, '1', 6, 141867),
(12, '2020-10-01', 336, 8, '1', 6, 131714),
(13, '2020-10-01', 1053, 8, '1', 6, 139915),
(14, '2020-10-01', 342, 8, '1', 6, 149078),
(15, '2020-10-01', 405, 8, '1', 6, 98326),
(16, '2020-10-01', 1051, 8, '1', 6, 127593),
(17, '2020-10-01', 1049, 8, '1', 6, 126888),
(18, '2020-10-01', 1107, 8, '1', 6, 96873),
(19, '2020-10-01', 578, 8, '1', 6, 123261),
(20, '2020-10-01', 291, 8, '1', 6, 130315),
(21, '2020-10-01', 1048, 8, '1', 6, 124351),
(22, '2020-10-01', 1093, 8, '1', 6, 98198),
(23, '2020-10-01', 512, 0, '1', 6, 103772),
(25, '2020-10-01', 1050, 8, '1', 6, 130400),
(26, '2020-10-01', 497, 8, '1', 6, 78477),
(27, '2020-10-01', 286, 8, '1', 6, 127954),
(28, '2020-10-01', 515, 8, '1', 6, 93062),
(29, '2020-10-01', 296, 8, '1', 6, 105817),
(30, '2020-10-01', 307, 8, '1', 6, 87783),
(31, '2020-10-01', 1100, 8, '1', 6, 9834),
(32, '2020-10-01', 1067, 8, '1', 6, 24746),
(33, '2020-10-01', 1122, 8, '1', 1, 90900),
(34, '2020-10-01', 1046, 8, '1', 1, 245645),
(35, '2020-10-01', 1043, 8, '1', 1, 207845),
(36, '2020-10-01', 438, 9, '1', 1, 333445),
(37, '2020-10-01', 1119, 8, '1', 1, 157500),
(38, '2020-10-01', 573, 8, '1', 1, 298445),
(39, '2020-10-01', 496, 8, '1', 1, 275745),
(40, '2020-10-01', 317, 8, '1', 1, 323145),
(41, '2020-10-01', 1121, 8, '1', 1, 120800),
(42, '2020-10-01', 483, 8, '1', 1, 345345),
(43, '2020-10-01', 673, 8, '1', 1, 264245),
(44, '2020-10-01', 567, 8, '1', 1, 309845),
(45, '2020-10-01', 572, 8, '1', 1, 169945),
(46, '2020-10-01', 1123, 8, '1', 3, 1547),
(47, '2020-10-01', 1123, 8, '1', 4, 1547),
(48, '2020-10-01', 1123, 8, '1', 5, 1547),
(49, '2020-10-01', 491, 8, '1', 1, 70000),
(50, '2020-10-01', 491, 8, '1', 3, 3427),
(51, '2020-10-01', 491, 8, '1', 4, 3427),
(52, '2020-10-01', 491, 8, '1', 5, 3427),
(54, '2020-10-01', 400, 9, '1', 6, 94080),
(55, '2020-10-01', 402, 9, '1', 6, 86580),
(56, '2020-10-01', 396, 9, '1', 6, 83640),
(57, '2020-10-01', 428, 9, '1', 6, 16680),
(58, '2020-10-01', 378, 9, '1', 6, 31700),
(59, '2020-10-01', 380, 9, '1', 6, 31700),
(60, '2020-10-01', 395, 9, '1', 6, 79060),
(61, '2020-10-01', 390, 9, '1', 6, 107080),
(62, '2020-10-01', 414, 9, '1', 6, 99200),
(63, '2020-10-01', 689, 9, '1', 6, 84940),
(64, '2020-10-01', 420, 9, '1', 6, 75360),
(65, '2020-10-01', 1055, 9, '1', 6, 89120),
(66, '2020-10-01', 1058, 9, '1', 6, 100400),
(67, '2020-10-01', 421, 9, '1', 6, 94060),
(68, '2020-10-01', 376, 9, '1', 6, 120740),
(69, '2020-10-01', 394, 9, '1', 6, 113340),
(70, '2020-10-01', 1056, 9, '1', 6, 100660),
(71, '2020-10-01', 425, 9, '1', 6, 95400),
(73, '2020-10-01', 835, 13, '1', 1, 61300),
(74, '2020-10-01', 526, 12, '1', 1, 22000),
(75, '2020-10-01', 565, 12, '1', 1, 50700),
(76, '2020-10-01', 741, 12, '1', 1, 55700),
(77, '2020-10-01', 1065, 10, '1', 6, 95420),
(78, '2020-10-01', 1061, 10, '1', 6, 130258),
(79, '2020-10-01', 1085, 10, '1', 6, 103258),
(80, '2020-10-01', 1105, 10, '1', 6, 72490),
(81, '2020-10-01', 1116, 10, '1', 6, 37270),
(82, '2020-10-01', 1106, 10, '1', 6, 38290),
(83, '2020-10-01', 1117, 10, '1', 6, 28614),
(84, '2020-10-01', 1132, 0, '1', 6, 13222),
(85, '2020-10-01', 1131, 0, '1', 6, 3400),
(86, '2020-10-01', 704, 10, '1', 6, 60572),
(87, '2020-10-01', 710, 13, '1', 6, 41114),
(88, '2020-10-01', 1084, 14, '1', 6, 35850),
(89, '2020-10-01', 711, 10, '1', 6, 20910),
(90, '2020-10-01', 1094, 0, '1', 6, 26148),
(91, '2020-10-01', 696, 10, '1', 6, 117234),
(92, '2020-10-01', 697, 10, '1', 6, 64954),
(93, '2020-10-01', 700, 10, '1', 6, 89044),
(94, '2020-10-01', 635, 10, '1', 6, 130374),
(95, '2020-10-01', 619, 10, '1', 6, 99542),
(96, '2020-10-01', 698, 10, '1', 6, 129496),
(97, '2020-10-01', 720, 0, '1', 6, 28890),
(98, '2020-10-01', 702, 10, '1', 6, 84158),
(99, '2020-10-01', 701, 10, '1', 6, 122256),
(100, '2020-10-01', 713, 10, '1', 6, 151068),
(101, '2020-10-01', 1044, 10, '1', 6, 138474),
(102, '2020-10-01', 1059, 10, '1', 6, 105092),
(103, '2020-10-01', 1064, 10, '1', 6, 132872),
(104, '2020-10-01', 1060, 10, '1', 6, 47102),
(105, '2020-10-01', 675, 10, '1', 1, 300300),
(106, '2020-10-01', 1039, 10, '1', 1, 312900),
(107, '2020-10-01', 1040, 10, '1', 1, 312600),
(108, '2020-10-01', 676, 10, '1', 1, 311700),
(109, '2020-10-01', 1073, 10, '1', 1, 355000),
(110, '2020-10-01', 1120, 10, '1', 1, 58900),
(111, '2020-10-01', 674, 10, '1', 1, 247000),
(112, '2020-10-01', 548, 10, '1', 1, 166109),
(113, '2020-10-01', 1072, 10, '1', 1, 9600),
(114, '2020-10-01', 1072, 10, '1', 1, 0),
(115, '2020-10-01', 1072, 10, '1', 2, 4257),
(116, '2020-10-01', 1072, 10, '1', 3, 4626),
(117, '2020-10-01', 1072, 10, '1', 4, 4626),
(118, '2020-10-01', 1072, 10, '1', 5, 4626),
(119, '2020-10-01', 380, 9, '6', 6, 2000),
(120, '2020-10-01', 378, 9, '6', 6, 1000),
(121, '2020-10-01', 396, 9, '6', 6, 12703),
(122, '2020-10-01', 390, 9, '6', 6, 15738),
(123, '2020-10-01', 570, 9, '6', 6, 15737),
(124, '2020-10-01', 1057, 9, '6', 6, 13638),
(125, '2020-10-01', 414, 9, '6', 6, 14687),
(126, '2020-10-01', 420, 9, '6', 6, 14200),
(127, '2020-10-01', 689, 9, '6', 6, 16350),
(128, '2020-10-01', 1058, 9, '6', 6, 13729),
(129, '2020-10-01', 421, 9, '6', 6, 13729),
(130, '2020-10-01', 400, 9, '6', 6, 13271),
(131, '2020-10-01', 402, 9, '6', 6, 13271),
(132, '2020-10-01', 425, 9, '6', 6, 14420),
(133, '2020-10-01', 376, 9, '6', 6, 15460),
(134, '2020-10-01', 394, 9, '6', 6, 15460),
(135, '2020-10-01', 1056, 9, '6', 6, 15460),
(136, '2020-10-01', 395, 9, '6', 6, 16935),
(137, '2020-10-01', 456, 9, '6', 6, 14566),
(138, '2020-10-01', 1115, 9, '6', 6, 14095),
(139, '2020-10-01', 1130, 9, '6', 6, 11410),
(140, '2020-10-01', 1055, 9, '6', 6, 16350),
(141, '2020-10-01', 475, 9, '6', 1, 44200),
(142, '2020-10-01', 571, 9, '6', 1, 37600),
(143, '2020-10-01', 582, 9, '6', 1, 34700),
(144, '2020-10-01', 666, 9, '6', 1, 39700),
(145, '2020-10-01', 1042, 9, '6', 1, 35000),
(146, '2020-10-01', 558, 9, '6', 1, 14800),
(147, '2020-10-01', 1068, 9, '6', 1, 28300),
(148, '2020-10-01', 561, 9, '6', 1, 19200),
(149, '2020-10-01', 484, 9, '6', 1, 40100),
(150, '2020-10-01', 1072, 10, '6', 3, 966),
(151, '2020-10-01', 1072, 10, '6', 4, 966),
(152, '2020-10-01', 1072, 10, '6', 5, 966),
(153, '2020-10-01', 456, 9, '6', 0, 0),
(154, '2020-10-01', 1057, 9, '6', 0, 0),
(155, '2020-10-01', 447, 9, '6', 0, 0),
(156, '2020-10-01', 1115, 9, '6', 0, 0),
(157, '2020-10-01', 1130, 9, '6', 0, 0),
(158, '2020-10-01', 570, 9, '6', 6, 0),
(159, '2020-10-01', 456, 9, '1', 6, 57240),
(160, '2020-10-01', 1057, 9, '6', 6, 0),
(161, '2020-10-01', 1057, 9, '1', 6, 82790),
(162, '2020-10-01', 387, 9, '1', 6, 62500),
(163, '2020-10-01', 447, 9, '1', 6, 9180),
(164, '2020-10-01', 1115, 9, '1', 6, 22440),
(165, '2020-10-01', 1130, 9, '1', 6, 7530),
(166, '2020-10-01', 570, 9, '1', 6, 71280),
(167, '2020-10-01', 251, 13, '1', 3, 1050),
(168, '2020-10-01', 251, 13, '6', 4, 0),
(169, '2020-10-01', 251, 13, '6', 5, 0),
(170, '2020-10-01', 251, 13, '1', 4, 210),
(171, '2020-10-01', 251, 13, '1', 5, 210),
(172, '2020-10-01', 666, 9, '1', 1, 220300),
(173, '2020-10-01', 475, 9, '1', 1, 202200),
(174, '2020-10-01', 571, 9, '1', 1, 192700),
(175, '2020-10-01', 582, 9, '1', 1, 187700),
(176, '2020-10-01', 558, 9, '1', 1, 146900),
(177, '2020-10-01', 1068, 9, '1', 1, 164100),
(178, '2020-10-01', 561, 9, '1', 1, 218400),
(179, '2020-10-01', 652, 13, '6', 1, 0),
(180, '2020-10-01', 652, 13, '1', 1, 12600),
(181, '2020-10-01', 526, 12, '1', 1, 7100),
(182, '2020-10-01', 484, 9, '1', 1, 185000),
(183, '2020-10-01', 1042, 9, '6', 1, 0),
(184, '2020-10-01', 1042, 9, '1', 1, 165300),
(185, '2020-10-01', 1041, 9, '1', 1, 52600),
(186, '2020-10-01', 482, 7, '5', 52, 9500),
(187, '2020-10-01', 482, 7, '5', 54, 9500),
(188, '2020-10-01', 929, 7, '5', 21, 9500),
(189, '2020-10-01', 929, 7, '5', 25, 9500),
(190, '2020-10-01', 929, 7, '5', 26, 9500),
(191, '2020-10-01', 929, 7, '5', 29, 9500),
(192, '2020-10-01', 929, 7, '5', 56, 9500),
(193, '2020-10-01', 929, 7, '5', 35, 370),
(194, '2020-10-01', 929, 7, '5', 20, 9500),
(195, '2020-10-01', 274, 7, '5', 35, 3500),
(196, '2020-10-01', 274, 7, '5', 36, 500),
(197, '2020-10-01', 274, 7, '5', 37, 600),
(198, '2020-10-01', 274, 7, '5', 15, 3563),
(199, '2020-10-01', 1084, 14, '5', 35, 2000),
(200, '2020-10-01', 1084, 14, '5', 15, 2000),
(201, '2020-10-01', 1084, 14, '5', 11, 1598),
(202, '2020-10-01', 1084, 14, '5', 39, 4436),
(203, '2020-10-01', 1084, 14, '5', 45, 375),
(204, '2020-10-01', 1036, 7, '5', 11, 7902),
(205, '2020-10-01', 1036, 7, '5', 39, 3755),
(206, '2020-10-01', 1036, 7, '5', 45, 5408),
(207, '2020-10-01', 1036, 7, '5', 15, 937),
(208, '2020-10-01', 1036, 7, '5', 35, 30),
(209, '2020-10-01', 1134, 0, '5', 45, 3042),
(210, '2020-10-01', 1134, 7, '5', 37, 2000),
(211, '2020-10-01', 1134, 7, '5', 14, 1875),
(212, '2020-10-01', 1134, 7, '5', 38, 2000),
(213, '2020-10-01', 1089, 7, '5', 62, 9500),
(214, '2020-10-01', 1089, 7, '5', 63, 9500),
(215, '2020-10-01', 1089, 7, '5', 8, 9500),
(216, '2020-10-01', 565, 12, '5', 67, 810),
(217, '2020-10-01', 565, 12, '5', 59, 810),
(218, '2020-10-01', 565, 12, '5', 49, 3530),
(219, '2020-10-01', 498, 7, '5', 53, 155),
(220, '2020-10-01', 498, 7, '5', 45, 650),
(221, '2020-10-01', 498, 7, '5', 50, 9300),
(222, '2020-10-01', 498, 7, '5', 51, 9300),
(223, '2020-10-01', 498, 7, '5', 22, 9300),
(224, '2020-10-01', 498, 7, '5', 67, 700),
(225, '2020-10-01', 498, 7, '5', 59, 700),
(226, '2020-10-01', 498, 7, '5', 20, 0),
(227, '2020-10-01', 880, 7, '5', 48, 9500),
(228, '2020-10-01', 880, 7, '5', 50, 200),
(229, '2020-10-01', 880, 7, '5', 51, 200),
(230, '2020-10-01', 880, 7, '5', 22, 200),
(231, '2020-10-01', 880, 7, '5', 47, 9500),
(232, '2020-10-01', 379, 7, '5', 24, 9500),
(233, '2020-10-01', 379, 7, '5', 55, 9500),
(234, '2020-10-01', 379, 7, '5', 58, 9500),
(235, '2020-10-01', 379, 7, '5', 65, 3900),
(236, '2020-10-01', 375, 2, '5', 57, 3900),
(237, '2020-10-01', 379, 7, '5', 41, 9500),
(238, '2020-10-01', 379, 7, '5', 36, 1937),
(239, '2020-10-01', 1101, 7, '5', 66, 7100),
(240, '2020-10-01', 979, 7, '5', 18, 9500),
(241, '2020-10-01', 979, 7, '5', 32, 9500),
(242, '2020-10-01', 979, 7, '5', 16, 5750),
(243, '2020-10-01', 244, 7, '5', 17, 9500),
(244, '2020-10-01', 244, 7, '5', 19, 9500),
(245, '2020-10-01', 244, 7, '5', 31, 9500),
(246, '2020-10-01', 244, 7, '5', 33, 9500),
(247, '2020-10-01', 244, 7, '5', 30, 5750),
(248, '2020-10-01', 1087, 7, '5', 10, 8970),
(249, '2020-10-01', 1087, 7, '5', 12, 4100),
(250, '2020-10-01', 1087, 7, '5', 43, 866),
(251, '2020-10-01', 25, 7, '5', 12, 5400),
(252, '2020-10-01', 25, 7, '5', 34, 2103),
(253, '2020-10-01', 25, 7, '5', 36, 6563),
(254, '2020-10-01', 1074, 7, '5', 40, 9115),
(255, '2020-10-01', 1074, 7, '5', 13, 400),
(256, '2020-10-01', 1074, 7, '5', 36, 500),
(257, '2020-10-01', 1074, 7, '5', 61, 3400),
(258, '2020-10-01', 1076, 7, '5', 1, 9500),
(259, '2020-10-01', 1076, 7, '5', 2, 9500),
(260, '2020-10-01', 1076, 7, '5', 3, 9500),
(261, '2020-10-01', 1076, 7, '5', 5, 9500),
(262, '2020-10-01', 1076, 7, '5', 7, 9500),
(263, '2020-10-01', 1076, 7, '5', 27, 9500),
(264, '2020-10-01', 1076, 7, '5', 61, 130),
(265, '2020-10-01', 1076, 7, '5', 67, 775),
(266, '2020-10-01', 1076, 7, '5', 60, 131),
(267, '2020-10-01', 1076, 7, '5', 34, 2050),
(268, '2020-10-01', 1076, 7, '5', 49, 500),
(269, '2020-10-01', 1097, 7, '5', 4, 6028),
(270, '2020-10-01', 1097, 7, '5', 6, 9500),
(271, '2020-10-01', 1097, 7, '5', 61, 470),
(272, '2020-10-01', 1097, 7, '5', 34, 400),
(273, '2020-10-01', 247, 7, '5', 43, 8634),
(274, '2020-10-01', 1097, 7, '5', 44, 0),
(275, '2020-10-01', 247, 7, '5', 44, 9500),
(276, '2020-10-01', 247, 7, '5', 10, 530),
(277, '2020-10-01', 285, 14, '5', 40, 380),
(278, '2020-10-01', 285, 14, '5', 13, 350),
(279, '2020-10-01', 285, 14, '5', 35, 3600),
(280, '2020-10-01', 285, 14, '5', 15, 3000),
(281, '2020-10-01', 718, 7, '5', 14, 7625),
(282, '2020-10-01', 718, 7, '5', 38, 7500),
(283, '2020-10-01', 718, 7, '5', 37, 6900),
(284, '2020-10-01', 995, 0, '5', 53, 8000),
(285, '2020-10-01', 1088, 7, '5', 64, 9500),
(286, '2020-10-01', 1088, 7, '5', 48, 0),
(287, '2020-10-01', 1088, 7, '5', 57, 5600),
(288, '2020-10-01', 1088, 7, '5', 65, 5600),
(289, '2020-10-01', 371, 7, '5', 67, 6215),
(290, '2020-10-01', 371, 7, '5', 49, 5470),
(291, '2020-10-01', 371, 7, '5', 59, 6990),
(292, '2020-10-01', 371, 7, '5', 60, 1000),
(293, '2020-10-01', 879, 7, '5', 53, 1345),
(294, '2020-10-01', 879, 7, '5', 28, 9500),
(295, '2020-10-01', 879, 7, '5', 46, 7500),
(296, '2020-10-01', 879, 7, '5', 13, 8750),
(297, '2020-10-01', 1110, 13, '5', 61, 5500),
(298, '2020-10-01', 1110, 13, '5', 66, 1900),
(299, '2020-10-01', 1110, 13, '5', 34, 4942),
(300, '2020-10-01', 1036, 7, '5', 46, 0),
(301, '2020-10-01', 1035, 7, '5', 46, 2000),
(302, '2020-10-01', 1035, 7, '5', 39, 1309),
(303, '2020-10-01', 882, 7, '5', 9, 9500),
(304, '2020-10-01', 1111, 7, '5', 60, 2000),
(305, '2020-10-01', 1111, 7, '5', 59, 1000),
(306, '2020-10-01', 1111, 7, '5', 67, 1000),
(307, '2020-10-01', 995, 7, '5', 30, 3750),
(308, '2020-10-01', 995, 7, '5', 16, 3750),
(309, '2020-10-01', 995, 7, '5', 23, 9500),
(310, '2020-10-01', 995, 7, '5', 20, 0),
(311, '2020-10-01', 1108, 13, '5', 4, 0),
(312, '2020-10-01', 1108, 13, '5', 4, 19680),
(313, '2020-10-01', 239, 13, '5', 68, 16538),
(314, '2020-10-01', 239, 13, '5', 69, 1045),
(315, '2020-10-01', 239, 13, '5', 69, 0),
(316, '2020-10-01', 253, 13, '5', 4, 24862),
(317, '2020-10-01', 253, 13, '5', 70, 1100),
(318, '2020-10-01', 942, 13, '5', 69, 2159),
(319, '2020-10-01', 942, 13, '5', 71, 17631),
(320, '2020-10-01', 806, 13, '5', 69, 1000),
(321, '2020-10-01', 806, 13, '5', 68, 250),
(322, '2020-10-01', 806, 13, '5', 71, 7000),
(323, '2020-10-01', 380, 9, '5', 69, 24145),
(324, '2020-10-01', 380, 9, '5', 71, 3584),
(325, '2020-10-01', 380, 9, '5', 70, 922),
(326, '2020-10-01', 82, 12, '5', 69, 4750),
(327, '2020-10-01', 82, 12, '5', 70, 5061),
(328, '2020-10-01', 82, 12, '5', 4, 1800),
(329, '2020-10-01', 710, 13, '5', 69, 2213),
(330, '2020-10-01', 710, 13, '5', 70, 24776),
(331, '2020-10-01', 1009, 13, '5', 70, 1030),
(332, '2020-10-01', 548, 10, '5', 60, 4074),
(333, '2020-10-01', 375, 2, '5', 60, 6800),
(334, '2020-10-01', 802, 6, '5', 60, 1670),
(335, '2020-10-01', 29, 5, '5', 60, 6000),
(336, '2020-10-01', 649, 4, '5', 60, 6000),
(337, '2020-10-01', 737, 1, '5', 60, 1000),
(338, '2020-10-01', 1069, 1, '5', 60, 1000),
(339, '2020-10-01', 565, 12, '5', 60, 820),
(340, '2020-10-01', 658, 12, '5', 60, 820),
(341, '2020-10-01', 975, 13, '5', 72, 3230),
(342, '2020-10-01', 251, 13, '5', 72, 14770),
(343, '2020-10-01', 828, 1, '5', 72, 12000),
(344, '2020-10-01', 835, 13, '5', 60, 14755),
(345, '2020-10-01', 1076, 7, '5', 4, 3472),
(346, '2020-10-01', 1088, 7, '5', 42, 9500),
(347, '2020-10-01', 1127, 13, '5', 66, 500),
(348, '2020-10-01', 538, 3, '5', 12, 10700),
(349, '2020-10-01', 538, 3, '5', 28, 10700),
(350, '2020-10-01', 538, 3, '5', 11, 290),
(351, '2020-10-01', 538, 3, '5', 62, 7200),
(352, '2020-10-01', 468, 3, '5', 17, 10700),
(353, '2020-10-01', 468, 3, '5', 31, 10700),
(354, '2020-10-01', 468, 3, '5', 16, 840),
(355, '2020-10-01', 468, 3, '5', 46, 1470),
(356, '2020-10-01', 468, 3, '5', 42, 460),
(357, '2020-10-01', 468, 3, '5', 63, 9707),
(358, '2020-10-01', 293, 3, '5', 18, 10700),
(359, '2020-10-01', 293, 3, '5', 32, 10380),
(360, '2020-10-01', 293, 3, '5', 16, 500),
(361, '2020-10-01', 293, 3, '5', 30, 200),
(362, '2020-10-01', 384, 3, '5', 34, 4209),
(363, '2020-10-01', 384, 3, '5', 46, 1500),
(364, '2020-10-01', 384, 3, '5', 42, 750),
(365, '2020-10-01', 856, 3, '5', 14, 10700),
(366, '2020-10-01', 856, 3, '5', 30, 10500),
(367, '2020-10-01', 856, 3, '5', 16, 3273),
(368, '2020-10-01', 273, 3, '5', 11, 8154),
(369, '2020-10-01', 273, 3, '5', 13, 8503),
(370, '2020-10-01', 273, 3, '5', 63, 993),
(371, '2020-10-01', 15, 2, '5', 42, 0),
(372, '2020-10-01', 15, 2, '5', 61, 0),
(373, '2020-10-01', 75, 12, '5', 42, 844),
(374, '2020-10-01', 75, 12, '5', 61, 1080),
(375, '2020-10-01', 430, 3, '5', 9, 10700),
(376, '2020-10-01', 430, 3, '5', 62, 400),
(377, '2020-10-01', 430, 3, '5', 13, 465),
(378, '2020-10-01', 248, 3, '5', 19, 10700),
(379, '2020-10-01', 248, 3, '5', 33, 10700),
(380, '2020-10-01', 248, 3, '5', 43, 10700),
(381, '2020-10-01', 248, 3, '5', 62, 400),
(382, '2020-10-01', 248, 3, '5', 35, 25),
(383, '2020-10-01', 248, 3, '5', 15, 25),
(384, '2020-10-01', 568, 3, '5', 8, 2700),
(385, '2020-10-01', 568, 3, '5', 62, 2700),
(386, '2020-10-01', 1080, 3, '5', 44, 10570),
(387, '2020-10-01', 597, 3, '5', 11, 2256),
(388, '2020-10-01', 597, 3, '5', 13, 1732),
(389, '2020-10-01', 597, 3, '5', 15, 3263),
(390, '2020-10-01', 597, 3, '5', 35, 3263),
(391, '2020-10-01', 597, 3, '5', 61, 2150),
(392, '2020-10-01', 499, 3, '5', 15, 6719),
(393, '2020-10-01', 499, 3, '5', 35, 6719),
(394, '2020-10-01', 499, 3, '5', 61, 3000),
(395, '2020-10-01', 519, 12, '5', 6, 2057),
(396, '2020-10-01', 519, 12, '5', 67, 135),
(397, '2020-10-01', 539, 0, '5', 39, 10700),
(398, '2020-10-01', 685, 2, '5', 20, 10700),
(399, '2020-10-01', 685, 2, '5', 23, 10700),
(400, '2020-10-01', 685, 2, '5', 53, 10700),
(401, '2020-10-01', 319, 3, '5', 44, 130),
(402, '2020-10-01', 319, 3, '5', 56, 1275),
(403, '2020-10-01', 319, 3, '5', 15, 110),
(404, '2020-10-01', 319, 3, '5', 35, 110),
(405, '2020-10-01', 319, 3, '5', 24, 590),
(406, '2020-10-01', 319, 3, '5', 54, 10700),
(407, '2020-10-01', 576, 3, '5', 15, 170),
(408, '2020-10-01', 576, 3, '5', 24, 180),
(409, '2020-10-01', 576, 3, '5', 35, 170),
(410, '2020-10-01', 576, 3, '5', 50, 10700),
(411, '2020-10-01', 576, 3, '5', 52, 10700),
(412, '2020-10-01', 576, 3, '5', 56, 875),
(413, '2020-10-01', 33, 3, '5', 40, 10700),
(414, '2020-10-01', 33, 3, '5', 61, 4270),
(415, '2020-10-01', 178, 3, '5', 64, 850),
(416, '2020-10-01', 178, 3, '5', 32, 320),
(417, '2020-10-01', 178, 3, '5', 16, 6087),
(418, '2020-10-01', 178, 3, '5', 15, 413),
(419, '2020-10-01', 178, 3, '5', 35, 413),
(420, '2020-10-01', 178, 3, '5', 61, 200),
(421, '2020-10-01', 178, 3, '5', 45, 10620),
(422, '2020-10-01', 398, 3, '5', 55, 10700),
(423, '2020-10-01', 398, 3, '5', 22, 10700),
(424, '2020-10-01', 398, 3, '5', 8, 8000),
(425, '2020-10-01', 313, 3, '5', 1, 10700),
(426, '2020-10-01', 313, 3, '5', 2, 10700),
(427, '2020-10-01', 313, 3, '5', 3, 10700),
(428, '2020-10-01', 313, 3, '5', 4, 5610),
(429, '2020-10-01', 313, 3, '5', 5, 10700),
(430, '2020-10-01', 313, 3, '5', 7, 10700),
(431, '2020-10-01', 313, 3, '5', 27, 10700),
(432, '2020-10-01', 313, 3, '5', 6, 412),
(433, '2020-10-01', 313, 3, '5', 64, 7949),
(434, '2020-10-01', 313, 3, '5', 42, 1700),
(435, '2020-10-01', 565, 12, '5', 6, 234),
(436, '2020-10-01', 27, 13, '5', 6, 369),
(437, '2020-10-01', 794, 2, '5', 64, 490),
(438, '2020-10-01', 610, 6, '5', 10, 10700),
(439, '2020-10-01', 610, 6, '5', 36, 10700),
(440, '2020-10-01', 610, 6, '5', 37, 10700),
(441, '2020-10-01', 610, 6, '5', 56, 6550),
(442, '2020-10-01', 610, 6, '5', 13, 100),
(443, '2020-10-01', 285, 14, '5', 38, 200),
(444, '2020-10-01', 285, 14, '5', 45, 80),
(445, '2020-10-01', 360, 3, '5', 21, 5350),
(446, '2020-10-01', 360, 3, '5', 23, 5350),
(447, '2020-10-01', 360, 3, '5', 24, 4580),
(448, '2020-10-01', 360, 3, '5', 25, 5350),
(449, '2020-10-01', 360, 3, '5', 26, 5350),
(450, '2020-10-01', 360, 3, '5', 29, 5350),
(451, '2020-10-01', 360, 3, '5', 56, 1000),
(452, '2020-10-01', 360, 3, '5', 57, 2000),
(453, '2020-10-01', 360, 3, '5', 58, 2500),
(454, '2020-10-01', 1137, 0, '5', 48, 2200),
(455, '2020-10-01', 654, 3, '5', 67, 5027),
(456, '2020-10-01', 654, 3, '5', 62, 2650),
(457, '2020-10-01', 654, 3, '5', 49, 5350),
(458, '2020-10-01', 654, 3, '5', 58, 4000),
(459, '2020-10-01', 649, 4, '5', 67, 5537),
(460, '2020-10-01', 649, 4, '5', 62, 3550),
(461, '2020-10-01', 649, 4, '5', 49, 5350),
(462, '2020-10-01', 649, 4, '5', 58, 4000),
(463, '2020-10-01', 649, 4, '5', 57, 4000),
(464, '2020-10-01', 643, 3, '5', 48, 8500),
(465, '2020-10-01', 411, 3, '5', 21, 5350),
(466, '2020-10-01', 411, 3, '5', 23, 5350),
(467, '2020-10-01', 411, 3, '5', 24, 5350),
(468, '2020-10-01', 411, 3, '5', 25, 5350),
(469, '2020-10-01', 411, 3, '5', 26, 5350),
(470, '2020-10-01', 355, 1, '5', 20, 9530),
(471, '2020-10-01', 355, 1, '5', 23, 9530),
(472, '2020-10-01', 355, 1, '5', 53, 9530),
(473, '2020-10-01', 687, 0, '5', 58, 9530),
(474, '2020-10-01', 687, 0, '5', 57, 9530),
(475, '2020-10-01', 687, 0, '5', 49, 9238),
(476, '2020-10-01', 1128, 0, '5', 67, 2357),
(477, '2020-10-01', 1128, 1, '5', 67, 2357),
(478, '2020-10-01', 737, 1, '5', 4, 2000),
(479, '2020-10-01', 737, 1, '5', 6, 9530),
(480, '2020-10-01', 737, 1, '5', 67, 3600),
(481, '2020-10-01', 444, 1, '5', 21, 9530),
(482, '2020-10-01', 444, 1, '5', 25, 9530),
(483, '2020-10-01', 444, 1, '5', 26, 9530),
(484, '2020-10-01', 1069, 1, '5', 67, 3321),
(485, '2020-10-01', 225, 14, '5', 52, 9530),
(486, '2020-10-01', 225, 14, '5', 24, 9530),
(487, '2020-10-01', 225, 14, '5', 41, 7530),
(488, '2020-10-01', 349, 1, '5', 29, 9530),
(489, '2020-10-01', 349, 1, '5', 54, 9530),
(490, '2020-10-01', 35, 0, '5', 35, 0),
(491, '2020-10-01', 349, 1, '5', 35, 195),
(492, '2020-10-01', 349, 1, '5', 11, 289),
(493, '2020-10-01', 349, 1, '5', 59, 9530),
(494, '2020-10-01', 548, 10, '5', 67, 436),
(495, '2020-10-01', 548, 10, '5', 49, 368),
(496, '2020-10-01', 401, 1, '5', 22, 9530),
(497, '2020-10-01', 401, 1, '5', 56, 9530),
(498, '2020-10-01', 401, 1, '5', 50, 9530),
(499, '2020-10-01', 401, 1, '5', 51, 9530),
(500, '2020-10-01', 401, 1, '5', 48, 420),
(501, '2020-10-01', 401, 1, '5', 41, 300),
(502, '2020-10-01', 871, 14, '5', 38, 9430),
(503, '2020-10-01', 871, 14, '5', 46, 9430),
(504, '2020-10-01', 871, 14, '5', 42, 4000),
(505, '2020-10-01', 871, 14, '5', 47, 2720),
(506, '2020-10-01', 849, 0, '5', 40, 9530),
(507, '2020-10-01', 849, 0, '5', 61, 9530),
(508, '2020-10-01', 849, 0, '5', 55, 7530),
(509, '2020-10-01', 849, 14, '5', 41, 1000),
(510, '2020-10-01', 641, 1, '5', 13, 7715),
(511, '2020-10-01', 641, 1, '5', 38, 9000),
(512, '2020-10-01', 641, 1, '5', 41, 1000),
(513, '2020-10-01', 641, 1, '5', 37, 7330),
(514, '2020-10-01', 1109, 13, '5', 66, 9530),
(515, '2020-10-01', 44, 1, '5', 8, 9530),
(516, '2020-10-01', 44, 1, '5', 62, 9530),
(517, '2020-10-01', 44, 1, '5', 36, 6623),
(518, '2020-10-01', 44, 1, '5', 63, 686),
(519, '2020-10-01', 356, 1, '5', 18, 9530),
(520, '2020-10-01', 356, 1, '5', 32, 9530),
(521, '2020-10-01', 356, 1, '5', 38, 530),
(522, '2020-10-01', 1025, 0, '5', 45, 0),
(523, '2020-10-01', 81, 1, '5', 17, 9530),
(524, '2020-10-01', 81, 1, '5', 19, 9530),
(525, '2020-10-01', 81, 1, '5', 31, 9530),
(526, '2020-10-01', 81, 1, '5', 33, 9530),
(527, '2020-10-01', 516, 1, '5', 43, 5127),
(528, '2020-10-01', 516, 1, '5', 44, 9530),
(529, '2020-10-01', 859, 1, '5', 14, 9530),
(530, '2020-10-01', 859, 1, '5', 16, 9530),
(531, '2020-10-01', 859, 1, '5', 30, 9530),
(532, '2020-10-01', 1091, 1, '5', 10, 9330),
(533, '2020-10-01', 1091, 1, '5', 11, 830),
(534, '2020-10-01', 1091, 1, '5', 45, 240),
(535, '2020-10-01', 1091, 1, '5', 35, 300),
(536, '2020-10-01', 1091, 1, '5', 36, 500),
(537, '2020-10-01', 1035, 7, '5', 10, 200),
(538, '2020-10-01', 135, 1, '5', 12, 9530),
(539, '2020-10-01', 135, 1, '5', 28, 9000),
(540, '2020-10-01', 135, 1, '5', 36, 2400),
(541, '2020-10-01', 135, 1, '5', 37, 2200),
(542, '2020-10-01', 651, 1, '5', 43, 4403),
(543, '2020-10-01', 651, 1, '5', 9, 9530),
(544, '2020-10-01', 651, 1, '5', 34, 430),
(545, '2020-10-01', 651, 1, '5', 45, 217),
(546, '2020-10-01', 300, 1, '5', 1, 9530),
(547, '2020-10-01', 300, 1, '5', 2, 9530),
(548, '2020-10-01', 300, 1, '5', 3, 9530),
(549, '2020-10-01', 300, 1, '5', 5, 9530),
(550, '2020-10-01', 300, 1, '5', 7, 9530),
(551, '2020-10-01', 300, 1, '5', 27, 8994),
(552, '2020-10-01', 300, 1, '5', 34, 3860),
(553, '2020-10-01', 642, 1, '5', 47, 6810),
(554, '2020-10-01', 642, 1, '5', 48, 9110),
(555, '2020-10-01', 272, 14, '5', 35, 496),
(556, '2020-10-01', 304, 1, '5', 35, 2531),
(557, '2020-10-01', 304, 1, '5', 61, 843),
(558, '2020-10-01', 640, 1, '5', 35, 6008),
(559, '2020-10-01', 640, 1, '5', 11, 1220),
(560, '2020-10-01', 640, 1, '5', 45, 4000),
(561, '2020-10-01', 640, 1, '5', 43, 600),
(562, '2020-10-01', 640, 1, '5', 61, 2000),
(563, '2020-10-01', 1112, 1, '5', 11, 7042),
(564, '2020-10-01', 1112, 1, '5', 55, 2000),
(565, '2020-10-01', 1099, 1, '5', 34, 4148),
(566, '2020-10-01', 364, 1, '5', 63, 8874),
(567, '2020-10-01', 364, 1, '5', 64, 9530),
(568, '2020-10-01', 364, 1, '5', 65, 9530),
(569, '2020-10-01', 364, 1, '5', 34, 1092),
(570, '2020-10-01', 364, 1, '5', 42, 5530),
(571, '2020-10-01', 364, 1, '5', 27, 536),
(572, '2020-10-01', 364, 1, '5', 67, 31),
(573, '2020-10-01', 1125, 1, '5', 45, 5667);

-- --------------------------------------------------------

--
-- Cấu trúc bảng cho bảng `user`
--

CREATE TABLE `user` (
  `id` int(4) NOT NULL,
  `username` varchar(255) NOT NULL,
  `password` varchar(255) NOT NULL,
  `permission` varchar(255) NOT NULL,
  `hoten` varchar(255) NOT NULL,
  `bophan` varchar(255) NOT NULL,
  `chucvu` varchar(255) NOT NULL
) ENGINE=InnoDB DEFAULT CHARSET=utf8mb4;

--
-- Đang đổ dữ liệu cho bảng `user`
--

INSERT INTO `user` (`id`, `username`, `password`, `permission`, `hoten`, `bophan`, `chucvu`) VALUES
(1, 'admin', '062baa80aacb6d9443ea2c48c45e298b', '1', 'Nguyễn Bá Tùng', 'Chức vụ', 'Giám đốc'),
(2, 'thoa', '7a4a8603195a9db0e8868e6efdaa26b3', '2', 'Nguyễn Thị Thoa', '', ''),
(3, 'chi', '87a56e3f9c57116cf830f2d53e575d16', '3', 'Phạm Quỳnh Chi', '', ''),
(4, 'tu', 'bcdc80ca0042227a87648aa0ec6e8892', '4', 'Nguyễn Bá Tú', '', ''),
(5, 'nhung', 'd41e39f7c50489b0a12542bda9879acc', '4', 'Nhung', '', ''),
(6, 'duong', '208f7f90f6748de1f8bb62ff22a6c5c2', '5', 'Thùy Dương', '', ''),
(7, 'tung', 'bcdc80ca0042227a87648aa0ec6e8892', '2', '', '', ''),
(8, 'thanh', 'bcdc80ca0042227a87648aa0ec6e8892', '6', 'Nguyễn Thị Thanh', '', '');

-- --------------------------------------------------------

--
-- Cấu trúc bảng cho bảng `xuathang`
--

CREATE TABLE `xuathang` (
  `id` int(255) NOT NULL,
  `ngay` date NOT NULL,
  `mahang` int(255) NOT NULL,
  `khachhang` int(10) NOT NULL,
  `soluong` int(255) NOT NULL,
  `ghichu` varchar(255) NOT NULL
) ENGINE=InnoDB DEFAULT CHARSET=utf8mb4;

--
-- Đang đổ dữ liệu cho bảng `xuathang`
--

INSERT INTO `xuathang` (`id`, `ngay`, `mahang`, `khachhang`, `soluong`, `ghichu`) VALUES
(4, '2020-10-31', 9, 2, 767, 'cont 40HC'),
(5, '2020-10-12', 16, 3, 260000, 'LCL'),
(6, '2020-10-19', 3, 3, 2550000, '3 cont 40HQ'),
(7, '2020-10-21', 1, 3, 2418000, '3 cont 45HQ, trừ 62 thùng đã xuất 30-10'),
(8, '2020-10-21', 1, 3, 145000, '290 thùng xuất cùng PO65 '),
(10, '2020-10-31', 8, 2, 7243, 'Cont 40 cao đi Hưng Yên và lưu cont'),
(11, '2020-11-04', 6, 3, 162000, '1 cont 40HQ ghép 1040 thùng CRI1001'),
(12, '2020-11-04', 4, 3, 2000000, '2 cont 1480 thùng +1 cont 1040 ghép mã 600');

--
-- Chỉ mục cho các bảng đã đổ
--

--
-- Chỉ mục cho bảng `antrua`
--
ALTER TABLE `antrua`
  ADD PRIMARY KEY (`id`);

--
-- Chỉ mục cho bảng `bangchamcong`
--
ALTER TABLE `bangchamcong`
  ADD PRIMARY KEY (`ngay`,`macongnhan`);

--
-- Chỉ mục cho bảng `bangluongchot`
--
ALTER TABLE `bangluongchot`
  ADD PRIMARY KEY (`id`);

--
-- Chỉ mục cho bảng `baohiem`
--
ALTER TABLE `baohiem`
  ADD PRIMARY KEY (`id`);

--
-- Chỉ mục cho bảng `bophan`
--
ALTER TABLE `bophan`
  ADD PRIMARY KEY (`id`);

--
-- Chỉ mục cho bảng `chotsanluong`
--
ALTER TABLE `chotsanluong`
  ADD PRIMARY KEY (`id`);

--
-- Chỉ mục cho bảng `congnhan`
--
ALTER TABLE `congnhan`
  ADD PRIMARY KEY (`id`);

--
-- Chỉ mục cho bảng `dongiacongdoan`
--
ALTER TABLE `dongiacongdoan`
  ADD PRIMARY KEY (`id`);

--
-- Chỉ mục cho bảng `donhang`
--
ALTER TABLE `donhang`
  ADD PRIMARY KEY (`id`);

--
-- Chỉ mục cho bảng `donhanggoc`
--
ALTER TABLE `donhanggoc`
  ADD PRIMARY KEY (`id`);

--
-- Chỉ mục cho bảng `gopmatinhluong`
--
ALTER TABLE `gopmatinhluong`
  ADD PRIMARY KEY (`id`);

--
-- Chỉ mục cho bảng `khachhang`
--
ALTER TABLE `khachhang`
  ADD PRIMARY KEY (`id`);

--
-- Chỉ mục cho bảng `luongsanphamchot`
--
ALTER TABLE `luongsanphamchot`
  ADD PRIMARY KEY (`ngay`,`macongnhan`,`mahang`);

--
-- Chỉ mục cho bảng `mucdongbaohiem`
--
ALTER TABLE `mucdongbaohiem`
  ADD PRIMARY KEY (`id`);

--
-- Chỉ mục cho bảng `phieuthu`
--
ALTER TABLE `phieuthu`
  ADD PRIMARY KEY (`id`);

--
-- Chỉ mục cho bảng `sanluong`
--
ALTER TABLE `sanluong`
  ADD PRIMARY KEY (`id`);

--
-- Chỉ mục cho bảng `sanluongcongnhan`
--
ALTER TABLE `sanluongcongnhan`
  ADD PRIMARY KEY (`id`);

--
-- Chỉ mục cho bảng `user`
--
ALTER TABLE `user`
  ADD PRIMARY KEY (`id`);

--
-- Chỉ mục cho bảng `xuathang`
--
ALTER TABLE `xuathang`
  ADD PRIMARY KEY (`id`);

--
-- AUTO_INCREMENT cho các bảng đã đổ
--

--
-- AUTO_INCREMENT cho bảng `antrua`
--
ALTER TABLE `antrua`
  MODIFY `id` int(255) NOT NULL AUTO_INCREMENT, AUTO_INCREMENT=2936;

--
-- AUTO_INCREMENT cho bảng `bangluongchot`
--
ALTER TABLE `bangluongchot`
  MODIFY `id` int(255) NOT NULL AUTO_INCREMENT, AUTO_INCREMENT=351;

--
-- AUTO_INCREMENT cho bảng `baohiem`
--
ALTER TABLE `baohiem`
  MODIFY `id` int(10) NOT NULL AUTO_INCREMENT, AUTO_INCREMENT=98;

--
-- AUTO_INCREMENT cho bảng `bophan`
--
ALTER TABLE `bophan`
  MODIFY `id` int(10) NOT NULL AUTO_INCREMENT, AUTO_INCREMENT=20;

--
-- AUTO_INCREMENT cho bảng `chotsanluong`
--
ALTER TABLE `chotsanluong`
  MODIFY `id` int(10) NOT NULL AUTO_INCREMENT, AUTO_INCREMENT=8;

--
-- AUTO_INCREMENT cho bảng `congnhan`
--
ALTER TABLE `congnhan`
  MODIFY `id` int(10) NOT NULL AUTO_INCREMENT, AUTO_INCREMENT=422;

--
-- AUTO_INCREMENT cho bảng `dongiacongdoan`
--
ALTER TABLE `dongiacongdoan`
  MODIFY `id` int(255) NOT NULL AUTO_INCREMENT, AUTO_INCREMENT=91;

--
-- AUTO_INCREMENT cho bảng `donhang`
--
ALTER TABLE `donhang`
  MODIFY `id` int(10) NOT NULL AUTO_INCREMENT, AUTO_INCREMENT=26;

--
-- AUTO_INCREMENT cho bảng `donhanggoc`
--
ALTER TABLE `donhanggoc`
  MODIFY `id` int(10) NOT NULL AUTO_INCREMENT, AUTO_INCREMENT=22;

--
-- AUTO_INCREMENT cho bảng `gopmatinhluong`
--
ALTER TABLE `gopmatinhluong`
  MODIFY `id` int(10) NOT NULL AUTO_INCREMENT, AUTO_INCREMENT=8;

--
-- AUTO_INCREMENT cho bảng `khachhang`
--
ALTER TABLE `khachhang`
  MODIFY `id` int(10) NOT NULL AUTO_INCREMENT, AUTO_INCREMENT=7;

--
-- AUTO_INCREMENT cho bảng `mucdongbaohiem`
--
ALTER TABLE `mucdongbaohiem`
  MODIFY `id` int(10) NOT NULL AUTO_INCREMENT, AUTO_INCREMENT=2;

--
-- AUTO_INCREMENT cho bảng `phieuthu`
--
ALTER TABLE `phieuthu`
  MODIFY `id` int(10) NOT NULL AUTO_INCREMENT, AUTO_INCREMENT=10;

--
-- AUTO_INCREMENT cho bảng `sanluong`
--
ALTER TABLE `sanluong`
  MODIFY `id` int(255) NOT NULL AUTO_INCREMENT, AUTO_INCREMENT=373;

--
-- AUTO_INCREMENT cho bảng `sanluongcongnhan`
--
ALTER TABLE `sanluongcongnhan`
  MODIFY `id` int(10) NOT NULL AUTO_INCREMENT, AUTO_INCREMENT=574;

--
-- AUTO_INCREMENT cho bảng `user`
--
ALTER TABLE `user`
  MODIFY `id` int(4) NOT NULL AUTO_INCREMENT, AUTO_INCREMENT=9;

--
-- AUTO_INCREMENT cho bảng `xuathang`
--
ALTER TABLE `xuathang`
  MODIFY `id` int(255) NOT NULL AUTO_INCREMENT, AUTO_INCREMENT=14;
COMMIT;

/*!40101 SET CHARACTER_SET_CLIENT=@OLD_CHARACTER_SET_CLIENT */;
/*!40101 SET CHARACTER_SET_RESULTS=@OLD_CHARACTER_SET_RESULTS */;
/*!40101 SET COLLATION_CONNECTION=@OLD_COLLATION_CONNECTION */;
